01.04.2019 9:46:17;Карта сбербанка;Ремонт авто;Клипсы на Тойоту;150,00
01.04.2019 9:46:18;Карта сбербанка;Продукты;;111,97
06.10.2020 12:00:00;Карта сбербанка;КомунальныеПлатежи;;50,00
08.06.2020 12:00:00;Карта сбербанка;КомунальныеПлатежи;;4 989,78
08.05.2021 12:00:00;Карта сбербанка;Продукты;;1 601,95
05.03.2021 12:00:00;Карта сбербанка;Продукты;;128,40
02.04.2019 11:44:57;Карта сбербанка;Инструмент;Шприц 300мл;518,16
10.10.2019 12:00:00;Карта сбербанка;Продукты;;269,76
27.11.2019 12:00:00;Карта сбербанка;Продукты;;2 755,41
02.03.2020 12:00:00;Карта сбербанка;Продукты;;300,16
18.03.2020 12:00:00;Карта сбербанка;Продукты;;119,00
21.05.2020 12:00:00;Карта сбербанка;Продукты;;480,90
06.06.2020 12:00:00;Карта сбербанка;Продукты;;644,09
22.06.2020 12:00:00;Карта сбербанка;Продукты;;361,78
08.07.2020 12:00:00;Карта сбербанка;Продукты;;460,95
10.09.2020 12:00:00;Карта сбербанка;Продукты;;732,28
13.11.2020 12:00:00;Карта сбербанка;Продукты;;261,43
31.12.2020 12:00:00;Карта сбербанка;Продукты;;1 616,95
16.01.2021 12:00:00;Карта сбербанка;Продукты;;1 056,64
19.07.2021 12:00:00;Карта сбербанка;Продукты;;441,63
17.06.2021 12:00:00;Карта сбербанка;Продукты;;315,00
16.09.2019 12:00:00;Карта сбербанка;Продукты;;361,33
18.10.2019 12:00:00;Карта сбербанка;Продукты;;698,47
07.02.2020 12:00:00;Карта сбербанка;Продукты;;261,93
10.03.2020 12:00:00;Карта сбербанка;Продукты;;501,60
26.03.2020 12:00:00;Карта сбербанка;Продукты;;51,00
11.04.2020 12:00:00;Карта сбербанка;Продукты;;1 287,59
27.04.2020 12:00:00;Карта сбербанка;Продукты;;632,88
29.05.2020 12:00:00;Карта сбербанка;Продукты;;656,74
30.06.2020 12:00:00;Карта сбербанка;Продукты;;303,17
02.09.2020 12:00:00;Карта сбербанка;Продукты;;210,00
08.01.2021 12:00:00;Карта сбербанка;Продукты;;639,89
02.04.2019 11:44:58;Деньги в столе;Стройматериалы на гараж;Электросчетчик 2 тарифный в гараж на ВМЗ;1 300,00
17.06.2021 12:00:00;Альфа карта;БытТехника;;12,00
03.04.2019 17:30:21;Карта сбербанка;Ремонт авто;Шланг для масла;60,00
03.04.2019 17:30:21;Карта сбербанка;Стройматериалы на гараж;Дин Рейка для счётчика;26,00
03.04.2019 17:30:21;Карта сбербанка;Обеды;Обед в смаке;113,30
16.09.2021 12:00:00;Альфа карта;Продукты;;173,73
14.07.2021 12:00:00;Альфа карта;Продукты;;155,00
28.06.2021 12:00:00;Альфа карта;Продукты;;1 296,60
27.05.2021 12:00:00;Альфа карта;Продукты;;714,50
23.02.2021 0:00:00;Карта сбербанка;Отдых;Попкорн;400,00
03.04.2019 17:30:21;Карта сбербанка;Продукты;Печенье к чаю;90,12
03.04.2019 17:30:21;Карта сбербанка;Продукты;;90,00
03.04.2019 17:30:21;Карта сбербанка;Продукты;Домой к чаю;194,35
20.08.2020 12:00:00;Карта сбербанка;Бензин;;834,00
15.08.2021 12:00:00;Карта сбербанка;Бензин;;1 342,50
05.02.2021 12:00:00;Карта сбербанка;Хозтовары;Провода для мультитестера;85,00
04.02.2021 12:00:00;Карта сбербанка;Бензин;;1 288,50
19.01.2021 12:00:00;Карта сбербанка;Бензин;;1 275,00
04.04.2019 12:00:00;Карта сбербанка;Бензин;;1 227,00
05.03.2020 12:00:00;Карта сбербанка;Бензин;;828,00
27.07.2020 12:00:00;Карта сбербанка;Бензин;;999,60
05.04.2019 12:00:00;Карта сбербанка;Стройматериалы на гараж;Саморезы;79,65
27.06.2019 12:00:00;Карта сбербанка;Разное хобби;Рыбалка;59,00
30.01.2020 12:00:00;Карта сбербанка;Аптека лекарства;;539,70
16.08.2021 12:00:00;Карта сбербанка;Продукты;;549,35
26.04.2021 12:00:00;Карта сбербанка;Продукты;;370,86
09.03.2021 12:00:00;Карта сбербанка;Продукты;;91,96
05.02.2021 12:00:00;Карта сбербанка;Продукты;;1 130,20
20.01.2021 12:00:00;Карта сбербанка;Продукты;;471,97
05.04.2019 12:00:00;Карта сбербанка;Продукты;;1 153,05
14.10.2019 12:00:00;Карта сбербанка;Продукты;;159,98
15.11.2019 12:00:00;Карта сбербанка;Продукты;;240,53
01.12.2019 12:00:00;Карта сбербанка;Продукты;;770,87
17.12.2019 12:00:00;Карта сбербанка;Продукты;;576,09
03.02.2020 12:00:00;Карта сбербанка;Продукты;;1 109,50
06.03.2020 12:00:00;Карта сбербанка;Продукты;;1 527,87
22.03.2020 12:00:00;Карта сбербанка;Продукты;;178,99
09.05.2020 12:00:00;Карта сбербанка;Продукты;;1 260,48
25.05.2020 12:00:00;Карта сбербанка;Продукты;;649,87
26.06.2020 12:00:00;Карта сбербанка;Продукты;;592,87
28.07.2020 12:00:00;Карта сбербанка;Продукты;;676,05
14.09.2020 12:00:00;Карта сбербанка;Продукты;;44,99
16.10.2020 12:00:00;Карта сбербанка;Продукты;;220,34
17.11.2020 12:00:00;Карта сбербанка;Продукты;;161,36
19.12.2020 12:00:00;Карта сбербанка;Продукты;;1 245,54
19.08.2019 12:00:00;Карта сбербанка;Продукты;;154,00
09.12.2019 12:00:00;Карта сбербанка;Продукты;;249,99
26.01.2020 12:00:00;Карта сбербанка;Продукты;;179,90
11.02.2020 12:00:00;Карта сбербанка;Продукты;;70,00
27.02.2020 12:00:00;Карта сбербанка;Продукты;;965,31
14.03.2020 12:00:00;Карта сбербанка;Продукты;;119,98
17.05.2020 12:00:00;Карта сбербанка;Продукты;;817,94
02.06.2020 12:00:00;Карта сбербанка;Продукты;;458,92
21.08.2020 12:00:00;Карта сбербанка;Продукты;;591,00
24.07.2021 12:00:00;Карта сбербанка;Продукты;;621,79
03.04.2021 12:00:00;Карта сбербанка;Продукты;;219,78
18.03.2021 12:00:00;Карта сбербанка;Продукты;;650,73
29.01.2021 12:00:00;Карта сбербанка;Продукты;;130,22
23.10.2019 12:00:00;Карта сбербанка;Продукты;;228,00
27.01.2020 12:00:00;Карта сбербанка;Продукты;;801,30
12.02.2020 12:00:00;Карта сбербанка;Продукты;;434,71
28.02.2020 12:00:00;Карта сбербанка;Продукты;;668,60
16.04.2020 12:00:00;Карта сбербанка;Продукты;;73,00
02.05.2020 12:00:00;Карта сбербанка;Продукты;;668,57
19.06.2020 12:00:00;Карта сбербанка;Продукты;;972,99
05.07.2020 12:00:00;Карта сбербанка;Продукты;;315,55
21.07.2020 12:00:00;Карта сбербанка;Продукты;;452,59
13.01.2021 12:00:00;Карта сбербанка;Продукты;;284,00
01.08.2021 12:00:00;Карта сбербанка;Продукты;;742,14
13.05.2021 12:00:00;Карта сбербанка;Продукты;;509,49
08.05.2021 12:00:00;Карта сбербанка;Ништяки;Монопод;700,00
26.03.2021 12:00:00;Карта сбербанка;Продукты;;192,16
10.03.2021 12:00:00;Карта сбербанка;Продукты;;41,78
21.01.2021 12:00:00;Карта сбербанка;Продукты;;257,88
06.04.2019 12:00:00;Карта сбербанка;Продукты;;787,86
13.09.2019 12:00:00;Карта сбербанка;Продукты;;193,50
19.01.2020 12:00:00;Карта сбербанка;Продукты;;1 270,08
04.02.2020 12:00:00;Карта сбербанка;Продукты;;308,00
07.03.2020 12:00:00;Карта сбербанка;Продукты;;216,68
26.05.2020 12:00:00;Карта сбербанка;Продукты;;497,95
11.06.2020 12:00:00;Карта сбербанка;Продукты;;374,00
27.06.2020 12:00:00;Карта сбербанка;Продукты;;736,83
14.08.2020 12:00:00;Карта сбербанка;Продукты;;240,00
15.09.2020 12:00:00;Карта сбербанка;Продукты;;1 105,57
14.11.2020 12:00:00;Карта сбербанка;Подарки;Картридж Свете;450,00
18.11.2020 12:00:00;Карта сбербанка;Продукты;;91,95
04.12.2020 12:00:00;Карта сбербанка;Продукты;;583,60
20.07.2019 12:00:00;Карта сбербанка;Стройматериалы на гараж;Утеплитель в яму;995,00
13.12.2019 12:00:00;Карта сбербанка;Ремонт авто;Резинка уплотнительная на тойоту;800,00
06.04.2019 12:00:00;Карта сбербанка;Ремонт авто;Доплата за прокладки выхлопа на тойоту;32,00
04.05.2019 12:34:07;Карта сбербанка;Продукты;Сыр;174,07
06.04.2019 12:00:00;Карта сбербанка;Ремонт авто;Прокладки выхлопа на тойоту;282,00
05.08.2019 12:00:00;Карта сбербанка;Продукты;Пятерочка;75,98
22.09.2019 12:00:00;Карта сбербанка;Продукты;Пятерочка;372,99
07.04.2019 12:00:00;Карта сбербанка;Продукты;Пятерочка;342,33
25.05.2019 12:00:00;Карта сбербанка;Продукты;Пятерочка;690,09
26.06.2019 12:00:00;Карта сбербанка;Продукты;Пятерочка;105,96
12.07.2019 12:00:00;Карта сбербанка;Продукты;Пятерочка;74,98
07.04.2019 12:00:00;Карта сбербанка;Продукты;Ещё раз пятерочка;87,98
01.05.2019 12:00:00;Карта сбербанка;Продукты;КБ;269,90
17.05.2019 12:00:00;Карта сбербанка;Продукты;КБ;324,86
20.07.2019 12:00:00;Карта сбербанка;Продукты;КБ;476,25
05.08.2019 12:00:00;Карта сбербанка;Продукты;КБ;455,44
22.09.2019 12:00:00;Карта сбербанка;Продукты;КБ;468,74
27.12.2019 12:00:00;Карта сбербанка;Продукты;КБ;1 129,08
07.04.2019 12:00:00;Карта сбербанка;Продукты;КБ;131,78
09.05.2019 12:00:00;Карта сбербанка;Продукты;КБ;210,00
26.06.2019 12:00:00;Карта сбербанка;Продукты;КБ;278,55
12.07.2019 12:00:00;Карта сбербанка;Продукты;КБ;172,66
20.08.2019 12:00:00;Карта сбербанка;Стройматериалы на гараж;Левша;189,00
30.09.2019 12:00:00;Карта сбербанка;Продукты;КБ;373,06
08.04.2019 16:59:08;МТСБанк;Разное хобби;Подстригся;200,00
25.12.2020 0:00:00;Карта сбербанка;Продукты;;2 556,39
10.09.2019 0:00:00;Карта сбербанка;Продукты;;76,00
17.02.2020 0:00:00;Карта сбербанка;Продукты;;102,60
27.09.2020 12:00:00;Деньги в столе;Продукты;Арбуз;200,00
08.04.2019 16:59:08;Карта сбербанка;Стройматериалы на гараж;;280,00
08.04.2019 16:59:08;Карта сбербанка;Продукты;КБ;185,98
08.04.2019 16:59:08;Карта сбербанка;Продукты;Смак;106,59
10.04.2019 12:00:00;Карта сбербанка;Продукты;Монетка;537,31
08.10.2021 12:00:00;Карта сбербанка;Ништяки;Держатель за телефона за 350 ну и напильник;682,00
10.04.2019 12:00:00;Карта сбербанка;Продукты;Колбаса;335,10
10.04.2019 12:00:00;Карта сбербанка;Продукты;Филе;550,50
10.04.2019 12:00:00;Карта сбербанка;Хозтовары;Валера = );360,00
10.04.2019 12:00:00;Карта сбербанка;Хозтовары;Галамарт;641,00
10.08.2020 12:00:00;Карта сбербанка;КомунальныеПлатежи;Комиссия за перевод;42,35
11.08.2019 12:00:00;Карта сбербанка;БытТехника;Отвёртка в крепеже;90,00
11.04.2019 10:55:03;Карта сбербанка;Аптека лекарства;Зиртек;287,00
22.03.2021 12:00:00;Деньги в столе;Дети;Английский;1 000,00
24.06.2019 12:00:00;Деньги в столе;Одежда;Очки;300,00
14.12.2019 12:00:00;Деньги в столе;Дети;Английский;700,00
26.10.2020 12:00:00;МТСБанк;Обеды;;117,00
13.11.2020 12:00:00;Карта сбербанка;Подарки;Коврик Свете;285,60
17.05.2021 12:00:00;Деньги в столе;Дети;Английский;351,00
12.04.2021 12:00:00;МТСБанк;Обеды;;51,97
11.04.2019 10:55:03;Карта сбербанка;Продукты;К чаю;264,22
19.09.2020 12:00:00;Деньги в столе;Дети;Английский;1 050,00
10.08.2019 12:00:00;Карта сбербанка;Продукты;КБ;458,73
11.09.2019 12:00:00;Карта сбербанка;Продукты;КБ;242,86
27.09.2019 12:00:00;Карта сбербанка;Продукты;КБ;171,96
12.04.2019 12:00:00;Карта сбербанка;Продукты;КБ;232,86
14.05.2019 12:00:00;Карта сбербанка;Продукты;КБ;119,89
24.07.2019 12:00:00;Карта сбербанка;Стройматериалы на гараж;Левша;560,00
09.07.2020 12:00:00;Карта сбербанка;Разное хобби;Держатели для удочки;495,00
12.04.2019 12:00:00;Карта сбербанка;Продукты;Курица;499,00
12.04.2019 12:00:00;Карта сбербанка;Ремонт авто;краска на машину;198,00
13.04.2019 12:00:00;Карта сбербанка;Хозтовары;средство от муравьев;56,00
15.04.2019 10:20:20;Карта сбербанка;Ништяки;Наклейка;136,00
15.04.2019 10:20:20;Карта сбербанка;Стройматериалы на гараж;Полочка;373,00
15.04.2019 10:20:20;Карта сбербанка;Хозтовары;Фумитокс;280,00
15.04.2019 10:20:20;Карта сбербанка;Продукты;Еда в гараж;35,95
16.04.2019 16:43:04;Карта сбербанка;Стройматериалы на гараж;розетки;204,00
13.01.2021 12:00:00;Карта сбербанка;Подарки;Подарок Диме шашки;723,00
31.03.2020 12:00:00;Карта сбербанка;Продукты;Вкусный дом;1 247,00
16.04.2019 16:43:04;Карта сбербанка;Стройматериалы на гараж;Таймер розетки;1 050,00
16.04.2019 16:43:04;Карта сбербанка;Обеды;пирожок;49,00
16.04.2019 16:43:04;Карта сбербанка;Продукты;Чай;59,89
16.04.2019 16:43:04;Карта сбербанка;Стройматериалы на гараж;Провод для удлиннителя;210,00
17.04.2019 12:08:14;Карта сбербанка;Продукты;Потратил не помню куда;346,00
17.04.2019 12:08:14;Карта сбербанка;БытТехника;Кран на кухню;1 955,00
17.04.2019 12:08:14;Карта сбербанка;Продукты;КБ;445,65
26.08.2019 12:00:00;Карта сбербанка;Хозтовары;Удача;449,50
17.04.2019 12:08:14;Карта сбербанка;Продукты;К чаю;111,00
22.07.2019 16:37:27;МТСБанк;Разное хобби;Аренда лодки;100,00
17.04.2019 12:08:14;Карта сбербанка;Продукты;Смак;268,46
17.04.2020 12:00:00;Карта сбербанка;Содержание авто;ТО;500,00
17.04.2019 12:08:14;Карта сбербанка;БытТехника;Лампочки Тёще;330,00
11.07.2019 12:00:00;Карта сбербанка;Разное хобби;На рыбалку;590,00
16.07.2019 12:00:00;Карта сбербанка;Продукты;КБ;212,66
17.04.2019 12:08:14;Карта сбербанка;Продукты;ИП Корендюк;119,70
18.04.2019 13:42:58;Карта сбербанка;БытТехника;Фитинги на кран;426,00
31.05.2019 12:00:00;Карта сбербанка;Продукты;КБ;214,89
18.07.2019 12:00:00;Карта сбербанка;Продукты;КБ;732,50
18.04.2019 13:42:58;Конверт на вклад;БытТехника;Телек;11 000,00
30.11.2021 12:00:00;Деньги в столе;Свете;Отдал Вере Алексеевне за опломбировку счётчика;200,00
19.04.2019 12:00:00;Карта сбербанка;Продукты;Красное и Белое;79,96
15.03.2021 12:00:00;Карта сбербанка;Свете;;2 000,00
19.04.2019 12:00:00;Карта сбербанка;Продукты;Смак;91,00
26.09.2019 12:00:00;Карта сбербанка;Продукты;Смак;42,00
13.05.2019 12:00:00;Карта сбербанка;Продукты;Смак;104,94
18.09.2019 12:00:00;Карта сбербанка;Продукты;СМАК;65,00
14.05.2019 12:00:00;Карта сбербанка;Продукты;Пятерочка;204,95
20.04.2019 12:00:00;Карта сбербанка;Продукты;Пятерочка;15,99
20.04.2019 12:00:00;Карта сбербанка;Продукты;Красное и Белое;89,89
21.04.2019 12:00:00;Конверт на вклад;БытТехника;Крепление для телевизора;1 000,00
31.05.2019 12:00:00;Карта сбербанка;Продукты;Магнит;174,35
18.07.2019 12:00:00;Карта сбербанка;Продукты;Магнит;234,00
13.11.2019 21:31:10;Карта сбербанка;БытТехника;Конвектор в гараж;1 271,00
05.06.2020 12:00:00;Карта сбербанка;Разное хобби;;261,00
21.04.2019 12:00:00;Карта сбербанка;Продукты;Магнит;204,60
11.08.2019 12:00:00;Карта сбербанка;Продукты;Магнит;436,50
27.08.2019 12:00:00;Карта сбербанка;Продукты;Магнит;49,90
21.04.2019 12:00:00;Карта сбербанка;Инструмент;Транзисторы для Сварочника;195,00
21.04.2019 12:00:00;Карта сбербанка;БытТехника;Анкеры для крепления телевизора;42,00
22.07.2019 16:37:27;Карта сбербанка;Подарки;Подарок Вере Алексеевне;1 110,55
22.04.2019 12:00:00;Карта сбербанка;Продукты;Смак;78,28
11.07.2019 12:00:00;Карта сбербанка;Продукты;Смак;213,29
12.02.2020 12:00:00;Карта сбербанка;Свете;;50,00
16.05.2019 12:00:00;Карта сбербанка;Продукты;Смак;89,96
17.06.2019 12:00:00;Карта сбербанка;Продукты;Смак;127,09
24.04.2019 17:00:52;Карта сбербанка;Хозтовары;Резинки;79,00
24.04.2019 17:00:52;Карта сбербанка;Ништяки;Наклейка на тойоту;100,00
23.04.2020 0:00:00;Карта сбербанка;Бензин;;999,81
12.08.2021 12:22:43;Альфа карта;Содержание авто;Масло на Тойоту;880,00
13.02.2021 0:00:00;Карта сбербанка;Бензин;;1 297,50
15.05.2019 12:00:00;Карта сбербанка;Продукты;Колбаса;309,10
24.04.2019 17:00:52;Деньги в столе;Свете;На яйца;500,00
25.04.2019 16:38:23;Карта сбербанка;Содержание авто;Техосмотр на тойоту;500,00
10.01.2020 18:48:53;Карта сбербанка;Хозтовары;;70,00
26.11.2019 19:59:30;Карта сбербанка;Ремонт авто;Масло на тойоту;495,00
25.04.2019 16:38:23;Карта сбербанка;Содержание авто;Осаго на тойоту;3 202,57
03.06.2021 20:43:16;Альфа карта;Хозтовары;Ополаскиватель для рта;129,99
25.04.2019 16:38:23;Карта сбербанка;Продукты;СМАк;191,28
08.10.2021 12:00:00;Карта сбербанка;Ништяки;Стул походный;2 250,00
26.04.2019 13:21:20;МТСБанк;Содержание авто;Аккумулятор;3 000,00
27.04.2019 12:00:00;Карта сбербанка;Продукты;Пятерочка;970,54
20.10.2019 12:00:00;Карта сбербанка;Продукты;Пятерочка;988,04
06.06.2019 12:00:00;Карта сбербанка;Продукты;Пятерочка;44,99
10.08.2019 12:00:00;Карта сбербанка;Продукты;Магнит;99,80
12.06.2020 12:00:00;Карта сбербанка;Разное хобби;;120,00
27.04.2019 12:00:00;Карта сбербанка;Ремонт авто;Предохранитель Тойота;160,00
17.07.2019 12:00:00;Карта сбербанка;Продукты;Магнит;198,90
18.08.2019 12:00:00;Карта сбербанка;Продукты;Магнит;132,00
19.09.2019 12:00:00;Карта сбербанка;Продукты;Магнит;76,42
26.05.2020 12:00:00;Карта сбербанка;Дети;Штакетник на домик;135,00
27.04.2019 12:00:00;МТСБанк;Бензин;;874,00
13.06.2019 12:00:00;Карта сбербанка;Продукты;Майонез и сыр;288,46
27.04.2019 12:00:00;Конверт на вклад;Свете;На Продукты;1 000,00
29.04.2019 12:00:00;Карта сбербанка;Аптека лекарства;;300,00
20.07.2020 12:00:00;Карта сбербанка;Аптека лекарства;;277,20
29.04.2019 12:00:00;МТСБанк;Продукты;;566,00
08.10.2020 12:00:00;МТСБанк;Продукты;;159,99
30.04.2019 12:00:00;Карта сбербанка;БытТехника;Наушники;2 589,63
29.10.2019 0:00:00;Деньги в столе;Дети;Английский;350,00
30.04.2019 12:00:00;МТСБанк;Продукты;Сосиски;192,70
05.02.2020 12:00:00;Деньги в столе;Продукты;;200,00
30.04.2019 12:00:00;МТСБанк;Продукты;Мясо;1 250,00
01.05.2019 12:00:00;Карта сбербанка;Ремонт авто;Вольтметр;105,13
02.05.2019 12:00:00;Карта сбербанка;Продукты;Пятерочка;461,93
18.05.2019 12:00:00;Карта сбербанка;Продукты;Пятерочка;195,98
25.10.2019 12:00:00;Карта сбербанка;Продукты;Пятерочка;374,33
02.05.2019 12:00:00;Карта сбербанка;Хозтовары;Батарейки;81,00
02.05.2019 12:00:00;Конверт на вклад;Бензин;;500,00
13.03.2020 0:00:00;Карта сбербанка;Продукты;;682,38
04.05.2019 12:34:07;Карта сбербанка;Продукты;Печенье;168,91
04.05.2019 12:34:07;Карта сбербанка;Продукты;Пятерочка;256,07
04.05.2019 12:34:07;МТСБанк;Продукты;Магнит;312,06
09.10.2020 12:00:00;МТСБанк;Содержание авто;;60,00
25.10.2020 12:00:00;МТСБанк;Содержание авто;;130,00
04.05.2019 12:34:07;МТСБанк;Продукты;Смак колбаса;464,89
04.05.2019 12:34:07;МТСБанк;Продукты;КБ;192,00
07.05.2019 12:00:00;МТСБанк;Свете;Билет в ЕКБ;380,00
15.06.2019 12:00:00;МТСБанк;Продукты;Пятерочка;221,16
08.07.2019 11:19:11;МТСБанк;Хозтовары;Саморезы;88,06
25.01.2020 12:00:00;Деньги в столе;Одежда;Подстригся;150,00
07.05.2019 12:00:00;МТСБанк;Продукты;СМАК;265,08
07.05.2019 12:00:00;Конверт на вклад;Свете;Билет обратно;500,00
09.05.2019 12:00:00;Карта сбербанка;Бензин;;499,80
19.12.2019 12:00:00;Карта сбербанка;Бензин;;493,00
27.06.2019 12:00:00;Карта сбербанка;Продукты;СМАК;234,03
04.08.2019 8:27:38;Карта сбербанка;Продукты;Райт в ЕКБ;164,45
10.05.2019 12:00:00;Карта сбербанка;Свете;;1 000,00
19.06.2019 12:00:00;Карта сбербанка;Продукты;СМАК;471,50
10.05.2019 12:00:00;Карта сбербанка;Продукты;Птица;280,30
17.10.2020 12:00:00;МТСБанк;Одежда;Свете и Ане одежда;2 160,00
10.05.2019 12:00:00;Карта сбербанка;Продукты;Фарш;679,50
11.05.2019 12:00:00;Карта сбербанка;Продукты;КБ;214,89
26.03.2020 12:00:00;Карта сбербанка;Продукты;КБ;453,21
06.07.2019 12:00:00;Карта сбербанка;Продукты;КБ;118,98
12.05.2019 10:07:24;Карта сбербанка;Аптека лекарства;;298,00
10.07.2019 12:00:00;Карта сбербанка;Разное хобби;Веревка для лодки;135,00
09.07.2019 15:10:35;Карта сбербанка;Разное хобби;Рыбалка;322,00
24.07.2019 12:00:00;Карта сбербанка;Продукты;Магнит;523,20
09.08.2019 12:00:00;Карта сбербанка;Продукты;Магнит;61,80
25.08.2019 12:00:00;Карта сбербанка;Продукты;Магнит;176,80
11.06.2020 12:00:00;Карта сбербанка;Разное хобби;;35,00
13.05.2019 12:00:00;Карта сбербанка;Продукты;Магнит;24,90
29.05.2019 12:00:00;Карта сбербанка;Продукты;Магнит;184,62
01.08.2019 12:00:00;Карта сбербанка;Продукты;Магнит;170,10
25.02.2020 12:00:00;Карта сбербанка;Продукты;Магнит;176,70
15.05.2019 12:00:00;Карта сбербанка;Продукты;Горчица;31,00
15.05.2019 12:00:00;Карта сбербанка;Аптека лекарства;Цитрин;165,00
18.11.2021 12:00:00;Альфа карта;Продукты;;619,97
02.11.2021 12:00:00;Альфа карта;Продукты;;398,73
01.10.2021 12:00:00;Альфа карта;Продукты;;205,75
13.07.2021 12:00:00;Альфа карта;Продукты;;936,75
26.05.2021 12:00:00;Альфа карта;Продукты;;21,89
16.05.2019 12:00:00;Карта сбербанка;Продукты;Тоже смак;298,70
18.05.2019 12:00:00;Карта сбербанка;Продукты;КБ;99,99
05.07.2019 12:00:00;Карта сбербанка;Продукты;КБ;469,16
22.08.2019 12:00:00;Карта сбербанка;Продукты;КБ;102,99
27.06.2019 12:00:00;Карта сбербанка;Продукты;КБ;193,98
13.07.2019 12:00:00;Карта сбербанка;Продукты;КБ;238,92
23.04.2021 12:00:00;Карта сбербанка;Свете;;3 500,00
11.10.2019 12:00:00;Карта сбербанка;Свете;;5 000,00
13.10.2021 12:00:00;Карта сбербанка;Ништяки;Фонарь прожектор;1 675,00
20.05.2019 12:00:00;Карта сбербанка;Продукты;Смак;93,06
26.08.2021 12:00:00;Альфа карта;БытТехника;Провода на ферму;365,86
20.05.2019 12:00:00;МТСБанк;БытТехника;Ремонт Сварочника;1 000,00
23.04.2021 12:00:00;Карта сбербанка;Разное хобби;Беруши;97,97
21.05.2019 12:00:00;Карта сбербанка;Ништяки;Кабель для видеокарты;57,81
21.05.2019 12:00:00;Карта сбербанка;Ништяки;Блютуз адаптер;132,17
22.05.2019 13:36:42;Карта сбербанка;Продукты;печенье;67,00
22.05.2019 13:36:42;Карта сбербанка;Продукты;апельсины;80,67
23.05.2019 13:37:24;МТСБанк;БытТехника;На ремонт сварочника;1 000,00
23.05.2019 13:37:24;Карта сбербанка;Бензин;;100,00
24.05.2019 12:00:00;Карта сбербанка;Продукты;Бухлишко;199,98
14.11.2019 12:00:00;Карта сбербанка;Хозтовары;Галамарт;460,00
17.01.2020 12:00:00;Карта сбербанка;Хозтовары;Галамарт;780,00
24.10.2020 8:43:10;Карта сбербанка;Стройматериалы на гараж;Соединители для Ви-Фи;290,45
06.08.2021 12:00:00;Альфа карта;Отдых;Кино мягкие диваны Мультик про принца Ане на ДР;500,00
23.07.2021 12:00:00;Карта сбербанка;Разное хобби;Втулки для роликов;343,86
26.05.2019 12:00:00;Карта сбербанка;Продукты;Кефир;32,00
02.08.2019 12:00:00;Карта сбербанка;Хозтовары;Галамарт;524,00
07.05.2021 12:00:00;Карта сбербанка;Хозтовары;Средство от клещей;135,00
26.05.2019 12:00:00;Карта сбербанка;Продукты;Помидорки;64,00
21.12.2020 12:00:00;Карта сбербанка;Подарки;Тёте Тае подарок;550,00
11.07.2020 12:00:00;Карта сбербанка;Разное хобби;Перьевое сверло длинное;138,60
26.02.2021 12:00:00;МТСБанк;Дети;Английский;1 000,00
25.01.2021 12:00:00;МТСБанк;Дети;Английский;1 000,00
11.06.2019 16:24:13;Карта сбербанка;Подарки;Сковородка Свете;778,00
26.05.2019 12:00:00;Карта сбербанка;Продукты;Сыр;159,50
24.02.2021 12:00:00;Карта сбербанка;Дети;Канцелярия;32,00
26.05.2019 12:00:00;Карта сбербанка;Продукты;Тесто;50,00
24.06.2019 12:00:00;Карта сбербанка;Продукты;Со смаком;132,21
26.05.2019 12:00:00;Карта сбербанка;Продукты;Колбаса;443,10
08.02.2020 12:00:00;Деньги в столе;Дети;Английский Ане;350,00
24.04.2020 14:32:41;Карта сбербанка;Хозтовары;;735,00
26.05.2019 12:00:00;Карта сбербанка;Продукты;Фарш и Рыба;1 165,30
06.08.2021 12:00:00;Альфа карта;Дети;На карту мегаленда;1 000,00
26.05.2019 12:00:00;Карта сбербанка;Продукты;Бухлишко;205,00
28.05.2019 12:00:00;Карта сбербанка;Продукты;Магнит;342,60
16.08.2019 12:00:00;Карта сбербанка;Продукты;Магнит;99,00
23.07.2019 12:00:00;Карта сбербанка;Продукты;Магнит;59,90
01.06.2021 12:00:00;Карта сбербанка;Дети;Электросамокат;250,00
21.06.2019 12:00:00;Карта сбербанка;Продукты;КБ;339,96
07.07.2019 12:00:00;Карта сбербанка;Продукты;КБ;262,55
24.08.2019 12:00:00;Карта сбербанка;Продукты;КБ;657,39
17.10.2020 12:00:00;Деньги в столе;Разное хобби;;50,00
28.05.2019 12:00:00;Карта сбербанка;Продукты;КБ;59,97
29.06.2019 12:00:00;Карта сбербанка;Продукты;КБ;309,96
21.07.2019 16:36:20;Карта сбербанка;Разное хобби;Наживка на червя;48,00
31.07.2019 12:00:00;Карта сбербанка;Продукты;КБ;89,89
16.08.2019 12:00:00;Карта сбербанка;Продукты;КБ;119,98
28.05.2019 12:00:00;Карта сбербанка;Продукты;Пятерочка;170,39
29.06.2019 12:00:00;Карта сбербанка;Продукты;Пятерочка;394,08
21.06.2019 12:00:00;Карта сбербанка;Продукты;Пятерочка;307,97
27.06.2021 12:00:00;Карта сбербанка;Бензин;;1 108,75
30.09.2019 12:00:00;Карта сбербанка;Хозтовары;Саморезы;128,25
14.10.2020 12:00:00;Карта сбербанка;Бензин;;999,86
27.02.2021 12:00:00;Карта сбербанка;Бензин;;1 297,50
29.05.2019 12:00:00;Карта сбербанка;Бензин;;1 000,01
24.01.2020 12:00:00;Карта сбербанка;Бензин;;832,00
25.07.2019 12:00:00;Карта сбербанка;Продукты;Смак;91,13
27.09.2019 12:00:00;Карта сбербанка;Продукты;Смак;129,99
30.05.2019 12:00:00;Карта сбербанка;Продукты;Смак;202,05
02.08.2019 12:00:00;Карта сбербанка;Продукты;Смак;122,92
19.09.2019 12:00:00;Карта сбербанка;Продукты;СМАК;60,00
30.05.2019 12:00:00;Карта сбербанка;Продукты;Еще смак;346,23
02.08.2019 12:00:00;Карта сбербанка;Продукты;Еще смак;92,00
01.06.2019 12:00:00;Карта сбербанка;Продукты;КБ;236,00
25.04.2021 12:00:00;Карта сбербанка;Разное хобби;Плёнка на экран браслета МИ;140,74
05.02.2020 12:00:00;МТСБанк;КомунальныеПлатежи;Интернет;150,00
30.11.2021 12:00:00;Альфа карта;БытТехника;Счётчик на воду;700,00
02.06.2019 12:00:00;МТСБанк;КомунальныеПлатежи;Интернет;500,00
23.08.2019 12:00:00;Карта сбербанка;Ремонт авто;Сигналка на 07;1 650,00
13.07.2019 12:00:00;Карта сбербанка;Продукты;Магнит;112,85
09.02.2020 12:00:00;Карта сбербанка;Разное хобби;;20,00
03.06.2019 12:00:00;Карта сбербанка;Продукты;Магнит;137,24
05.07.2019 12:00:00;Карта сбербанка;Продукты;Магнит;810,20
28.06.2019 12:00:00;Карта сбербанка;Продукты;Магнит;106,70
30.06.2019 12:00:00;Карта сбербанка;Разное хобби;Магазин рыбалка;44,00
08.07.2019 11:19:11;Деньги в столе;Стройматериалы на гараж;Доски;700,00
26.03.2020 12:00:00;Карта сбербанка;Продукты;магнит;278,80
04.06.2019 12:00:00;Карта сбербанка;Продукты;Магнит;104,70
06.06.2019 12:00:00;Карта сбербанка;Продукты;Бухлишко;259,95
14.05.2021 12:00:00;Карта сбербанка;Алкоголь;;839,19
06.06.2019 12:00:00;Карта сбербанка;Стройматериалы на гараж;Оцинковка;1 300,00
07.12.2020 12:00:00;Карта сбербанка;Обеды;Шаурма;130,00
07.06.2019 16:19:06;Карта сбербанка;Продукты;Магнит;171,31
07.06.2019 16:19:06;Карта сбербанка;Продукты;КБ;282,22
09.06.2019 12:00:00;МТСБанк;Продукты;Колбаса;547,40
10.02.2021 12:00:00;Карта сбербанка;Продукты;;251,51
06.12.2019 12:00:00;Карта сбербанка;Продукты;;652,34
23.01.2020 12:00:00;Карта сбербанка;Продукты;;59,97
27.03.2020 12:00:00;Карта сбербанка;Продукты;;181,80
12.04.2020 12:00:00;Карта сбербанка;Продукты;;307,78
28.04.2020 12:00:00;Карта сбербанка;Продукты;;1 319,88
14.05.2020 12:00:00;Карта сбербанка;Продукты;;1 225,77
01.07.2020 12:00:00;Карта сбербанка;Продукты;;718,14
02.08.2020 12:00:00;Карта сбербанка;Продукты;;69,99
08.12.2020 12:00:00;Карта сбербанка;Продукты;;813,39
24.12.2020 12:00:00;Карта сбербанка;Продукты;;440,00
28.07.2021 12:00:00;Карта сбербанка;Продукты;;342,02
02.02.2021 12:00:00;Карта сбербанка;Продукты;;557,80
09.06.2019 12:00:00;МТСБанк;Продукты;Хз куда потратил;232,19
12.11.2019 12:00:00;Карта сбербанка;Продукты;;702,41
14.12.2019 12:00:00;Карта сбербанка;Продукты;;139,00
30.12.2019 12:00:00;Карта сбербанка;Продукты;;1 513,45
15.01.2020 12:00:00;Карта сбербанка;Продукты;;643,83
16.02.2020 12:00:00;Карта сбербанка;Продукты;;585,75
03.03.2020 12:00:00;Карта сбербанка;Продукты;;971,88
19.03.2020 12:00:00;Карта сбербанка;Продукты;;1 266,56
04.04.2020 12:00:00;Карта сбербанка;Продукты;;1 363,25
11.09.2020 12:00:00;Карта сбербанка;Продукты;;810,00
19.11.2019 12:00:00;Карта сбербанка;Хозтовары;Размораживатель замков;165,00
10.03.2020 12:00:00;Карта сбербанка;Обеды;;111,90
09.06.2019 12:00:00;Деньги в столе;Подарки;С Аней в автоматы играли;100,00
10.06.2019 12:00:00;Карта сбербанка;Продукты;Смак к чаю;209,71
11.06.2019 16:24:13;МТСБанк;Аптека лекарства;Тафен Назаль;379,00
10.08.2020 12:00:00;Карта сбербанка;КомунальныеПлатежи;;4 425,97
07.02.2020 12:00:00;Карта сбербанка;Разное хобби;Занятия по английскому;4 000,00
11.06.2019 16:24:13;МТСБанк;Хозтовары;Пищевая пленка;86,00
12.06.2019 12:00:00;Карта сбербанка;Стройматериалы на гараж;Оцинковка;1 300,00
05.07.2019 12:00:00;МТСБанк;Стройматериалы на гараж;Пленка в яму и пенопласт;3 738,50
12.06.2019 12:00:00;Карта сбербанка;Аптека лекарства;Спрей в нос и цитрин;344,30
14.08.2019 12:00:00;Карта сбербанка;КомунальныеПлатежи;Комиссия сбербанку за оплату штрафа;2,50
13.06.2019 12:00:00;Карта сбербанка;Аптека лекарства;Перекись водорода;70,00
13.08.2019 15:47:40;Карта сбербанка;Продукты;Сардельки;368,50
17.05.2021 12:00:00;Карта сбербанка;Бензин;;1 324,50
15.04.2021 12:00:00;Карта сбербанка;Бензин;;1 318,50
13.06.2019 12:00:00;Карта сбербанка;Бензин;;999,84
06.12.2019 12:00:00;Карта сбербанка;Бензин;;832,00
01.07.2020 12:00:00;Карта сбербанка;Бензин;;135,00
21.10.2020 12:00:00;Карта сбербанка;Бензин;;836,00
23.07.2019 12:00:00;Карта сбербанка;Бензин;;321,00
13.06.2019 12:00:00;Карта сбербанка;Аптека лекарства;Нашатырь;46,00
16.12.2020 12:00:00;Карта сбербанка;Продукты;К чаю;442,05
06.05.2021 12:00:00;Карта сбербанка;КомунальныеПлатежи;Ане на телефон;200,00
13.06.2019 12:00:00;Карта сбербанка;Продукты;К чаю;175,16
13.06.2019 12:00:00;МТСБанк;БытТехника;Матрас;1 000,00
13.06.2019 12:00:00;Деньги в столе;Хозтовары;Средство от муравьёв;200,00
08.07.2019 11:19:11;МТСБанк;Стройматериалы на гараж;Фанера;1 112,00
14.06.2019 15:53:19;Карта сбербанка;Ремонт авто;Патрубки тосольные на жигу;500,00
01.02.2021 12:00:00;Карта сбербанка;Разное хобби;Дром выписка о машине;200,00
14.06.2019 15:53:19;МТСБанк;Хозтовары;Тосол;675,00
14.06.2019 15:53:19;МТСБанк;Продукты;КБ с Аней;489,19
25.03.2021 12:00:00;Карта сбербанка;Разное хобби;Крепление камеры на голову;295,00
14.06.2019 15:53:19;МТСБанк;Дети;Книжка Ане;129,90
17.12.2020 18:59:05;Карта сбербанка;Подарки;Отвёртки на НГ;440,00
15.06.2019 12:00:00;МТСБанк;Стройматериалы на гараж;Утеплитель на вентиляцию;1 415,00
26.03.2020 12:00:00;Карта сбербанка;Продукты;смак;517,59
26.09.2020 12:00:00;Карта сбербанка;Свете;;500,00
15.06.2019 12:00:00;МТСБанк;Стройматериалы на гараж;Проволока перевязочная;234,00
16.09.2021 12:00:00;Альфа карта;Аптека лекарства;;139,50
17.06.2019 12:00:00;Карта сбербанка;Ништяки;Резинки с Али;767,57
10.07.2019 12:00:00;Карта сбербанка;Стройматериалы на гараж;Пена монтажная;451,62
18.06.2019 22:27:10;Карта сбербанка;Продукты;СОК в КБ;299,67
18.06.2019 22:27:10;Карта сбербанка;Продукты;Пятерочка;438,95
04.09.2019 0:00:00;Карта сбербанка;Подарки;Чай Свете;257,00
06.06.2020 12:00:00;Карта сбербанка;Разное хобби;;105,00
18.06.2019 22:27:10;Карта сбербанка;Продукты;Монетка;126,65
25.06.2019 12:00:00;Карта сбербанка;Продукты;Магнит;239,60
18.06.2019 22:27:10;Карта сбербанка;Продукты;Курица;133,40
19.06.2019 12:00:00;Карта сбербанка;Продукты;СМАК Печенье;304,18
05.06.2021 12:00:00;Альфа карта;БытТехника;Доски на ферму;1 154,00
20.06.2019 12:00:00;Карта сбербанка;Продукты;Магнит С продуктами;79,80
24.10.2020 8:43:10;МТСБанк;Ништяки;;230,00
20.06.2019 12:00:00;Карта сбербанка;Ремонт авто;Датчик вентилятора;319,00
21.06.2019 12:00:00;Карта сбербанка;Аптека лекарства;Аптека;264,00
22.06.2021 12:00:00;Альфа карта;Стройматериалы на гараж;Колышки на участок;76,00
22.06.2019 12:00:00;Карта сбербанка;Хозтовары;Стиральный порошок;50,00
28.06.2021 12:00:00;МТСБанк;КомунальныеПлатежи;Интернет;550,00
23.06.2019 12:00:00;МТСБанк;КомунальныеПлатежи;интернет;500,00
26.04.2021 12:00:00;Деньги в столе;Отдых;Катались с Аней на элетросамокате;250,00
02.07.2019 12:00:00;Карта сбербанка;Продукты;Пятерочка;518,07
24.06.2019 12:00:00;Карта сбербанка;Продукты;Пятерочка;154,87
25.06.2019 12:00:00;Карта сбербанка;Аптека лекарства;Живика;214,00
11.11.2020 12:00:00;МТСБанк;Ништяки;ССД 500гб домой;4 499,00
25.06.2019 12:00:00;Карта сбербанка;Разное хобби;Рыбалка Прикорм;115,00
26.06.2019 12:00:00;Карта сбербанка;Продукты;Еще пятерочка;271,98
27.06.2019 12:00:00;Карта сбербанка;Продукты;еще Смак;175,28
27.06.2019 12:00:00;Карта сбербанка;Продукты;опять Смак;180,58
28.06.2019 12:00:00;Карта сбербанка;БытТехника;Шланг на унитаз;439,00
13.08.2019 15:47:40;Карта сбербанка;Продукты;Фарш;719,90
29.03.2020 12:00:00;Карта сбербанка;Ремонт авто;Скотч малярный;70,00
28.01.2021 12:00:00;Карта сбербанка;Бензин;;1 279,50
11.11.2019 12:00:00;Карта сбербанка;Хозтовары;Саморезы;194,00
04.07.2020 12:00:00;Карта сбербанка;Бензин;;656,85
06.09.2020 12:00:00;Карта сбербанка;Бензин;;1 045,00
08.10.2020 12:00:00;Карта сбербанка;Бензин;;999,86
12.01.2021 12:00:00;Карта сбербанка;Бензин;;850,00
28.06.2019 12:00:00;Карта сбербанка;Хозтовары;Саморезы;265,50
07.04.2020 12:00:00;Карта сбербанка;Бензин;;828,00
09.05.2020 12:00:00;Карта сбербанка;Бензин;;500,00
29.06.2019 12:00:00;Карта сбербанка;Бензин;Газпром;999,84
18.04.2021 12:00:00;Деньги в столе;Разное хобби;Катались на электросамокатах;100,00
21.10.2019 12:00:00;Карта сбербанка;Аптека лекарства;;522,70
30.06.2019 12:00:00;Карта сбербанка;Разное хобби;Рыбалка;38,00
01.07.2019 12:00:00;Карта сбербанка;Продукты;Тагилхлеб;96,00
01.07.2019 12:00:00;Карта сбербанка;Бензин;На Светины 500р.;499,92
31.01.2020 12:30:11;Карта сбербанка;Продукты;;540,80
02.07.2019 12:00:00;Карта сбербанка;Продукты;Курица;468,60
30.10.2020 0:00:00;МТСБанк;Продукты;;566,83
03.07.2019 12:00:00;Карта сбербанка;Разное хобби;Золото в танки;110,00
21.11.2019 12:00:00;Карта сбербанка;Ремонт авто;Сальник на тойоту;394,00
04.07.2019 11:16:16;Карта сбербанка;Продукты;Магнит;277,50
09.09.2021 12:00:00;Альфа карта;Бензин;;1 000,00
07.07.2019 12:00:00;Карта сбербанка;Продукты;Пятерка;148,77
07.07.2019 12:00:00;Карта сбербанка;Продукты;Курица;341,50
08.07.2019 11:19:11;Карта сбербанка;Подарки;Чай Варехиным;330,20
06.06.2021 12:00:00;Деньги в столе;Свете;;1 000,00
19.04.2021 12:00:00;Деньги в столе;Свете;;500,00
08.07.2019 11:19:11;Деньги в столе;Подарки;Жеке с Настей;500,00
26.12.2020 0:00:00;Карта сбербанка;БытТехника;Обогреватель;1 229,00
09.07.2019 15:10:35;Карта сбербанка;Продукты;Пятерочка;74,98
14.07.2019 16:30:25;Карта сбербанка;Разное хобби;наживка на рыбалку;18,00
06.09.2020 12:00:00;Карта сбербанка;Дети;Ремонт собачки батарейки;50,00
10.07.2019 12:00:00;Карта сбербанка;Хозтовары;Галамарт;684,00
27.08.2019 12:00:00;Карта сбербанка;Хозтовары;Галамарт;376,00
07.04.2020 12:00:00;Карта сбербанка;Хозтовары;Галамарт;307,00
10.07.2019 12:00:00;Карта сбербанка;Разное хобби;Рым на лодку и манометр;1 335,00
16.02.2021 12:00:00;Карта сбербанка;Подарки;Пицца Свете;2 306,40
10.07.2019 12:00:00;Карта сбербанка;Разное хобби;Труба для тубуса для удочек;210,00
10.07.2019 12:00:00;Карта сбербанка;Подарки;Пельмешки = );814,94
06.09.2021 21:48:01;Карта сбербанка;КомунальныеПлатежи;Маме за электричество;7 800,00
04.04.2021 12:00:00;Карта сбербанка;Свете;;1 000,00
12.07.2019 12:00:00;Карта сбербанка;Продукты;Смак;89,10
12.07.2019 12:00:00;Карта сбербанка;БытТехника;Ремонт Сварочника;3 120,00
12.07.2019 12:00:00;Карта сбербанка;Бензин;07;499,92
26.07.2019 12:00:00;МТСБанк;Продукты;Бухлишко;196,97
13.07.2019 12:00:00;Карта сбербанка;Хозтовары;Ацетон;90,00
14.07.2019 16:30:25;Карта сбербанка;Разное хобби;еще наживка на рыбалку;16,00
21.07.2019 16:36:20;Карта сбербанка;БытТехника;Мега Швабра;1 218,99
20.02.2021 12:00:00;Карта сбербанка;Подарки;На сушилку для белья маме;450,00
05.08.2020 12:00:00;Карта сбербанка;Продукты;Арбуз;370,00
31.07.2021 12:00:00;Карта сбербанка;Продукты;Арбуз;295,00
15.07.2019 16:31:33;Карта сбербанка;Бензин;Тойота;1 240,50
15.07.2019 16:31:33;Карта сбербанка;Продукты;;93,72
24.07.2019 12:00:00;Карта сбербанка;Продукты;Пятерка;281,80
30.08.2019 20:46:07;Карта сбербанка;Продукты;Сыр;96,70
15.01.2020 12:00:00;Карта сбербанка;Ремонт авто;;343,00
04.04.2020 12:00:00;Карта сбербанка;Ремонт авто;;190,00
01.08.2021 12:00:00;Альфа карта;Бензин;;889,00
16.07.2019 12:00:00;Карта сбербанка;Продукты;Пятерка;236,96
25.02.2020 12:00:00;Карта сбербанка;Продукты;Пятерка;220,88
18.07.2019 12:00:00;Карта сбербанка;Продукты;Пятерка;89,98
16.05.2020 12:00:00;Карта сбербанка;Ремонт авто;;70,00
25.03.2020 0:00:00;Карта сбербанка;Хозтовары;Наждачка;107,00
04.03.2021 12:00:00;Карта сбербанка;Разное хобби;ключ винды;152,25
18.07.2019 12:00:00;Карта сбербанка;Хозтовары;комары;60,00
04.11.2019 12:00:00;Карта сбербанка;Бензин;07;1 233,00
18.07.2019 12:00:00;Карта сбербанка;Разное хобби;Чо то на рыбалку;185,00
24.08.2019 12:00:00;Карта сбербанка;Бензин;07;1 021,00
18.07.2019 12:00:00;Карта сбербанка;Хозтовары;Диски на болгарку;135,00
08.10.2021 12:00:00;Альфа карта;Бензин;;999,71
20.07.2019 12:00:00;Карта сбербанка;Продукты;Пятерка;278,56
22.07.2019 16:37:27;Карта сбербанка;Стройматериалы на гараж;Пена и смывка;406,00
18.06.2021 13:01:51;Альфа карта;Продукты;;591,83
22.07.2019 16:37:27;Деньги в столе;Разное хобби;Аренда лодкит;100,00
31.03.2021 12:00:00;Карта сбербанка;БытТехника;Плата зарядки на телефон;268,55
22.07.2019 16:37:27;Деньги в столе;Подарки;Зубову на ДР;100,00
22.07.2019 16:37:27;Деньги в столе;Хозтовары;Ключ в черную;200,00
22.07.2019 16:37:27;Деньги в столе;Одежда;Подстригся;150,00
01.03.2021 12:00:00;Карта сбербанка;Инструмент;Пистолет продувочный;441,00
22.07.2019 16:37:27;Карта сбербанка;Продукты;Пятерка;75,48
05.09.2020 12:00:00;Деньги в столе;Дети;Английский;350,00
23.05.2020 12:00:00;Карта сбербанка;Дети;Доски на домик в сад;150,00
22.07.2019 16:37:27;Карта сбербанка;Продукты;Смак;172,03
22.07.2019 16:37:27;Карта сбербанка;Продукты;еще смак;185,67
23.07.2019 12:00:00;Карта сбербанка;Продукты;Еще магнит;110,69
24.07.2019 12:00:00;Карта сбербанка;Дети;Ане подарок на день рождения;1 000,00
25.07.2019 12:00:00;Деньги в столе;Дети;Проиграли в автомат;50,00
26.07.2019 12:00:00;МТСБанк;Продукты;Пятерка;361,46
31.10.2020 12:00:00;МТСБанк;Ремонт авто;;48,00
27.07.2019 12:00:00;МТСБанк;Продукты;Магнит;173,80
23.10.2021 12:00:00;Альфа карта;Разное хобби;Отчёт по ниве на автотеке;169,00
18.01.2021 16:59:58;Деньги в столе;Дети;;600,00
27.07.2019 12:00:00;МТСБанк;Стройматериалы на гараж;Пена Монтажная;441,00
08.08.2019 12:00:00;Карта сбербанка;Свете;За Аквапарк;1 500,00
30.07.2019 11:21:38;МТСБанк;Продукты;Энргетик;44,90
30.07.2019 11:21:38;МТСБанк;Продукты;Монетка;359,26
31.07.2019 12:00:00;Карта сбербанка;Ништяки;Дротики;180,85
31.07.2019 12:00:00;Карта сбербанка;Ништяки;Еще Дротики;493,40
01.08.2019 12:00:00;Карта сбербанка;Подарки;Расходы Марат;200,00
15.03.2020 19:09:01;Карта сбербанка;Бензин;;812,00
11.11.2021 12:00:00;Карта сбербанка;Бензин;Тойота;905,00
07.08.2021 12:00:00;Альфа карта;Дети;Пицца на день рождения;2 250,00
02.08.2019 12:00:00;Карта сбербанка;Бензин;Тойота;1 267,90
01.09.2019 11:21:55;Карта сбербанка;Одежда;Корсет;793,97
08.09.2019 17:07:34;Карта сбербанка;Аптека лекарства;;83,00
03.08.2019 12:00:00;Карта сбербанка;Обеды;БургерКинг;247,98
04.08.2019 8:27:38;Карта сбербанка;Обеды;БургерКинг;78,26
13.09.2019 12:00:00;Карта сбербанка;Стройматериалы на гараж;Утеплитель;995,00
06.08.2019 8:25:49;Карта сбербанка;Продукты;Пятерочка;188,42
13.08.2019 15:47:40;Карта сбербанка;Продукты;КБ;351,77
07.11.2021 12:00:00;Карта сбербанка;Отдых;Пейнтбол;1 212,00
06.08.2019 8:25:49;Карта сбербанка;Продукты;Торт;465,00
27.01.2021 12:00:00;Карта сбербанка;Дети;;320,00
06.08.2019 8:25:49;Карта сбербанка;Подарки;Колпаки и шарики в галамарте;130,00
01.06.2020 12:00:00;Карта сбербанка;Дети;;244,00
06.08.2019 8:25:49;Деньги в столе;Стройматериалы на гараж;Цемент;600,00
07.08.2019 12:00:00;Карта сбербанка;Бензин;на 07;1 227,00
24.04.2020 14:32:41;Карта сбербанка;Продукты;;513,00
06.11.2021 12:00:00;Альфа карта;Продукты;;394,95
21.10.2021 12:00:00;Альфа карта;Продукты;;39,99
05.10.2021 12:00:00;Альфа карта;Продукты;;52,78
02.08.2021 12:00:00;Альфа карта;Продукты;;689,74
30.05.2021 12:00:00;Альфа карта;Продукты;;627,65
11.08.2019 12:00:00;Карта сбербанка;Продукты;С Жекой квас и маяки купили;180,00
13.08.2019 15:47:40;Карта сбербанка;Содержание авто;Расходники на 7-ку;430,00
13.08.2019 15:47:40;Карта сбербанка;Продукты;Пятерка;441,17
09.09.2019 0:00:00;Карта сбербанка;Продукты;смак;42,00
25.02.2020 12:00:00;Карта сбербанка;Ремонт авто;Рейка на тойоту;1 900,00
14.08.2019 12:00:00;Карта сбербанка;КомунальныеПлатежи;Штраф;250,00
03.10.2019 12:00:00;Карта сбербанка;Продукты;Колбасень;444,49
16.08.2019 12:00:00;Карта сбербанка;Продукты;Птица;697,40
29.10.2020 12:00:00;Карта сбербанка;Стройматериалы на гараж;;6,00
16.08.2019 12:00:00;Карта сбербанка;Стройматериалы на гараж;;1 076,00
03.02.2020 12:00:00;Карта сбербанка;Ремонт авто;;160,00
20.08.2019 12:00:00;Карта сбербанка;Продукты;Пятерка;454,31
25.10.2021 12:00:00;Альфа карта;Расходы на ниву;Лампочки дальний свет и задние P21W;180,00
23.08.2019 12:00:00;Карта сбербанка;Ништяки;Дротики для дартс;567,44
25.08.2019 12:00:00;Карта сбербанка;Подарки;Лене на ДР;1 000,00
26.08.2019 12:00:00;Карта сбербанка;Продукты;Птица;318,30
26.08.2019 12:00:00;Карта сбербанка;Хозтовары;Валера;460,00
29.08.2019 23:16:29;Карта сбербанка;Продукты;;74,80
20.11.2021 12:00:00;Альфа карта;Продукты;;246,00
19.10.2021 12:00:00;Альфа карта;Продукты;;179,58
15.07.2021 12:00:00;Альфа карта;Продукты;;299,98
29.06.2021 12:00:00;Альфа карта;Продукты;;2 344,08
13.06.2021 12:00:00;Альфа карта;Продукты;;947,39
29.08.2019 23:16:29;Карта сбербанка;Одежда;Повязка на голову;342,11
30.08.2019 20:46:07;Карта сбербанка;Стройматериалы на гараж;Пена монтажная;1 035,00
30.08.2019 20:46:07;Карта сбербанка;Продукты;Колбаса;500,96
08.03.2020 12:00:00;Карта сбербанка;Разное хобби;Андрюхе;50,00
12.07.2020 12:00:00;Карта сбербанка;Ремонт авто;Клипсы;170,00
06.10.2020 12:00:00;МТСБанк;Ништяки;Плёночка на планшет;799,00
30.08.2019 20:46:07;Карта сбербанка;Стройматериалы на гараж;Стеклоизол;495,00
30.08.2019 20:46:07;Карта сбербанка;Продукты;Хлеб;281,92
30.08.2019 20:46:07;Деньги в столе;Стройматериалы на гараж;Доски;750,00
07.11.2021 12:00:00;Альфа карта;Продукты;;651,99
06.10.2021 12:00:00;Альфа карта;Продукты;;59,89
04.09.2021 12:00:00;Альфа карта;Продукты;;99,99
03.08.2021 12:00:00;Альфа карта;Продукты;;339,96
16.06.2021 12:00:00;Альфа карта;Продукты;;184,45
30.08.2019 20:46:07;Деньги в столе;Продукты;Яйца;100,00
14.08.2021 12:00:00;Карта сбербанка;Продукты;;795,96
28.10.2019 12:00:00;Карта сбербанка;Продукты;;461,80
29.11.2019 12:00:00;Карта сбербанка;Продукты;;129,99
04.03.2020 12:00:00;Карта сбербанка;Продукты;;226,37
20.03.2020 12:00:00;Карта сбербанка;Продукты;;179,00
21.04.2020 12:00:00;Карта сбербанка;Продукты;;329,97
23.05.2020 12:00:00;Карта сбербанка;Продукты;;427,00
12.09.2020 12:00:00;Карта сбербанка;Продукты;;171,00
01.12.2020 12:00:00;Карта сбербанка;Продукты;;417,81
02.01.2021 12:00:00;Карта сбербанка;Продукты;;214,77
27.02.2021 12:00:00;Карта сбербанка;Продукты;;1 286,28
02.09.2019 12:00:00;Карта сбербанка;Продукты;;384,71
21.11.2019 12:00:00;Карта сбербанка;Продукты;;763,00
07.12.2019 12:00:00;Карта сбербанка;Продукты;;916,45
24.01.2020 12:00:00;Карта сбербанка;Продукты;;434,99
09.02.2020 12:00:00;Карта сбербанка;Продукты;;1 401,13
31.05.2020 12:00:00;Карта сбербанка;Продукты;;140,89
03.08.2020 12:00:00;Карта сбербанка;Продукты;;75,00
04.09.2020 12:00:00;Карта сбербанка;Продукты;;244,85
22.10.2020 12:00:00;Карта сбербанка;Продукты;;176,97
23.11.2020 12:00:00;Карта сбербанка;Продукты;;293,37
03.09.2019 12:00:00;Карта сбербанка;Стройматериалы на гараж;Фанера;434,00
18.01.2020 12:00:00;Деньги в столе;КомунальныеПлатежи;На маршрутку;100,00
03.09.2019 12:00:00;Карта сбербанка;Хозтовары;Анкера на стенку;75,60
13.02.2021 0:00:00;Карта сбербанка;Продукты;;1 363,99
04.09.2019 0:00:00;Карта сбербанка;Продукты;;153,87
15.04.2020 0:00:00;Карта сбербанка;Продукты;;1 029,89
04.09.2019 0:00:00;Карта сбербанка;Подарки;Тортик Свете;313,10
15.02.2020 12:00:00;Деньги в столе;Дети;;350,00
21.12.2019 12:00:00;Деньги в столе;Дети;;350,00
22.05.2021 12:00:00;Карта сбербанка;Разное хобби;Бургеры;1,00
07.09.2019 12:00:00;Карта сбербанка;Подарки;Киндер Ане;54,89
30.10.2021 12:00:00;Карта сбербанка;Продукты;;1 811,50
07.05.2021 12:00:00;Карта сбербанка;Продукты;;459,80
21.04.2021 12:00:00;Карта сбербанка;Продукты;;591,70
16.02.2021 12:00:00;Карта сбербанка;Продукты;;780,00
07.09.2019 12:00:00;Карта сбербанка;Продукты;;708,74
23.09.2019 12:00:00;Карта сбербанка;Продукты;;108,53
09.10.2019 12:00:00;Карта сбербанка;Продукты;;1 014,21
10.11.2019 12:00:00;Карта сбербанка;Продукты;;2 692,45
13.01.2020 12:00:00;Карта сбербанка;Продукты;;227,90
29.01.2020 12:00:00;Карта сбербанка;Продукты;;1 577,76
04.05.2020 12:00:00;Карта сбербанка;Продукты;;973,29
09.09.2020 12:00:00;Карта сбербанка;Продукты;;518,43
30.12.2020 12:00:00;Карта сбербанка;Продукты;;1 274,29
17.10.2019 12:00:00;Карта сбербанка;Продукты;;291,93
02.11.2019 12:00:00;Карта сбербанка;Продукты;;73,00
06.02.2020 12:00:00;Карта сбербанка;Продукты;;122,00
09.03.2020 12:00:00;Карта сбербанка;Продукты;;286,00
13.06.2020 12:00:00;Карта сбербанка;Продукты;;458,23
15.07.2020 12:00:00;Карта сбербанка;Продукты;;214,80
31.07.2020 12:00:00;Карта сбербанка;Продукты;;56,64
19.10.2020 12:00:00;Карта сбербанка;Продукты;;59,97
07.09.2019 12:00:00;Деньги в столе;КомунальныеПлатежи;За гараж на ВМЗ;2 000,00
08.09.2019 17:07:34;Карта сбербанка;Ништяки;Вольтметр с али;110,98
08.09.2019 17:07:34;Карта сбербанка;Продукты;Магнит;173,90
10.09.2019 0:00:00;Карта сбербанка;Аптека лекарства;;127,00
16.05.2020 12:00:00;Карта сбербанка;Дети;Брусья для домика;450,00
11.09.2019 12:00:00;Карта сбербанка;БытТехника;Велик;4 999,00
12.09.2019 12:00:00;Карта сбербанка;Ништяки;Ништяки с али для велика;573,11
13.09.2019 12:00:00;Карта сбербанка;Ништяки;Кубик рубика;174,86
15.09.2019 12:00:00;Карта сбербанка;Ништяки;Ништяки для велика на али;1 009,81
24.02.2020 18:08:02;Деньги в столе;Разное хобби;Подстригся;150,00
16.09.2019 12:00:00;Карта сбербанка;Ништяки;Тросик на велик на сидушку;36,00
08.11.2020 12:00:00;Карта сбербанка;Стройматериалы на гараж;;815,50
17.09.2019 12:00:00;Деньги в столе;КомунальныеПлатежи;Заплатил за гараж;4 000,00
17.09.2019 12:00:00;Деньги в столе;Одежда;Подстригся;150,00
20.09.2019 12:00:00;Карта сбербанка;Стройматериалы на гараж;Цемент;960,00
24.09.2019 12:00:00;Карта сбербанка;Стройматериалы на гараж;ОСБ плиты;1 050,00
21.09.2019 12:00:00;Карта сбербанка;Стройматериалы на гараж;;375,30
25.10.2021 12:00:00;Альфа карта;Расходы на ниву;Дворник задний;260,00
21.09.2019 12:00:00;Карта сбербанка;Инструмент;Перфоратор;2 750,00
05.12.2020 12:00:00;Деньги в столе;Дети;Английский;350,00
13.10.2021 12:00:00;Деньги в столе;Дети;Английский;700,00
09.11.2019 12:00:00;Деньги в столе;Дети;Английский;350,00
10.12.2019 21:45:38;Карта сбербанка;Бензин;07;822,00
23.10.2020 12:00:00;МТСБанк;Обеды;;136,42
02.12.2020 12:00:00;Карта сбербанка;Подарки;Очки Рестаму на НГ;533,00
24.09.2019 12:00:00;Карта сбербанка;Бензин;07;1 022,50
24.09.2019 12:00:00;Карта сбербанка;Стройматериалы на гараж;;157,95
25.09.2019 19:57:26;Карта сбербанка;Продукты;;59,89
13.09.2021 12:00:00;Альфа карта;Дети;Футбол;3 000,00
26.09.2019 12:00:00;Карта сбербанка;Продукты;Ещё Смак;51,15
28.11.2021 12:00:00;Альфа карта;Расходы на ниву;Герметик;160,00
26.09.2019 12:00:00;Карта сбербанка;БытТехника;Штука в раковину на кухне;220,00
21.01.2021 12:00:00;Карта сбербанка;Разное хобби;Отчёт о вольцвагене Рестама на авто.ру;147,00
26.09.2019 12:00:00;Карта сбербанка;Хозтовары;Галамарт;909,00
27.09.2019 12:00:00;Деньги в столе;Свете;На кроватку;1 700,00
28.09.2019 12:00:00;Карта сбербанка;БытТехника;Конвекторы;2 843,00
28.09.2019 12:00:00;Карта сбербанка;Продукты;Птица;515,70
28.10.2021 12:00:00;Карта сбербанка;Инструмент;Насадка для пылесоса;349,00
29.09.2019 12:00:00;Карта сбербанка;Подарки;Андрюхе;3,02
30.09.2019 12:00:00;Карта сбербанка;Продукты;ИП Коровина;88,00
02.10.2019 12:00:00;Карта сбербанка;Стройматериалы на гараж;ОСБ;510,00
14.03.2020 12:00:00;Деньги в столе;Дети;;350,00
02.10.2019 12:00:00;Карта сбербанка;Хозтовары;Провод на зарядку Ане для собаки;25,00
18.01.2020 12:00:00;Деньги в столе;Дети;;350,00
12.06.2021 12:00:00;Альфа карта;Свете;;1 500,00
03.10.2019 12:00:00;Карта сбербанка;Подарки;Андрею упаковка;210,00
03.10.2019 12:00:00;Карта сбербанка;Подарки;Андрею рыба;57,20
03.10.2019 12:00:00;Карта сбербанка;Подарки;Андрею продукты;734,27
25.08.2021 18:53:32;Карта сбербанка;Разное хобби;Прем аккаунт на озоне;300,00
03.10.2019 12:00:00;Карта сбербанка;Обеды;Смак;69,96
20.02.2020 23:31:50;Деньги в столе;Разное хобби;Штекер на наушники на работе;50,00
30.07.2020 12:00:00;Карта сбербанка;Отдых;Магазин Рыбак;185,00
03.10.2019 12:00:00;Карта сбербанка;Подарки;Андрею Бумага;25,00
03.10.2019 12:00:00;Карта сбербанка;Хозтовары;Батарейки и свечи;415,00
11.11.2021 12:00:00;Карта сбербанка;Продукты;;899,25
22.07.2021 12:00:00;Карта сбербанка;Продукты;;48,39
03.05.2021 12:00:00;Карта сбербанка;Продукты;;549,97
27.01.2021 12:00:00;Карта сбербанка;Продукты;;955,06
05.10.2019 12:00:00;Карта сбербанка;Продукты;;106,00
24.12.2019 12:00:00;Карта сбербанка;Продукты;;738,18
25.01.2020 12:00:00;Карта сбербанка;Продукты;;300,00
29.03.2020 12:00:00;Карта сбербанка;Продукты;;172,20
30.04.2020 12:00:00;Карта сбербанка;Продукты;;1 729,10
16.05.2020 12:00:00;Карта сбербанка;Продукты;;290,00
01.06.2020 12:00:00;Карта сбербанка;Продукты;;916,31
17.06.2020 12:00:00;Карта сбербанка;Продукты;;539,12
03.07.2020 12:00:00;Карта сбербанка;Продукты;;282,75
20.08.2020 12:00:00;Карта сбербанка;Продукты;;250,00
05.09.2020 12:00:00;Карта сбербанка;Продукты;;992,44
10.12.2020 12:00:00;Карта сбербанка;Продукты;;409,00
08.03.2021 12:00:00;Карта сбербанка;Продукты;;454,16
20.02.2021 12:00:00;Карта сбербанка;Продукты;;1 353,46
19.01.2021 12:00:00;Карта сбербанка;Продукты;;540,59
14.11.2019 12:00:00;Карта сбербанка;Продукты;;729,15
30.11.2019 12:00:00;Карта сбербанка;Продукты;;188,64
17.01.2020 12:00:00;Карта сбербанка;Продукты;;290,00
02.02.2020 12:00:00;Карта сбербанка;Продукты;;654,85
21.03.2020 12:00:00;Карта сбербанка;Продукты;;2 356,31
06.04.2020 12:00:00;Карта сбербанка;Продукты;;69,89
24.05.2020 12:00:00;Карта сбербанка;Продукты;;1 515,20
28.08.2020 12:00:00;Карта сбербанка;Продукты;;291,00
16.11.2020 12:00:00;Карта сбербанка;Продукты;;516,78
09.08.2021 12:00:00;Карта сбербанка;Отдых;Евгению за водку и мясо;250,00
05.10.2019 12:00:00;Карта сбербанка;Бензин;на 07;1 036,25
05.10.2019 12:00:00;Карта сбербанка;Стройматериалы на гараж;Доски;2 000,00
08.10.2019 12:00:00;Карта сбербанка;Хозтовары;Смазка цепи на велик;180,00
08.10.2019 12:00:00;Карта сбербанка;Продукты;Магнит;79,80
13.08.2021 12:00:00;Карта сбербанка;БытТехника;1070;30 000,00
09.10.2019 12:00:00;Карта сбербанка;Хозтовары;;164,43
21.07.2020 12:00:00;Карта сбербанка;Хозтовары;пленка укрывная;112,00
25.10.2021 12:00:00;Альфа карта;Расходы на ниву;Госпошлина на оформление документов в ГиБДД;595,00
11.10.2019 12:00:00;Карта сбербанка;Разное хобби;Фонарик на велосипед;2 117,47
12.10.2019 8:22:16;Карта сбербанка;Стройматериалы на гараж;Крючки для одежды;124,00
12.10.2019 8:22:16;Деньги в столе;Дети;Английский;350,00
04.01.2021 16:13:50;Карта сбербанка;Продукты;;173,77
30.10.2020 0:00:00;МТСБанк;Ремонт авто;;48,00
14.10.2019 12:00:00;Карта сбербанка;Подарки;Подарок Свете на день рождения и тумблер массы;1 075,04
15.10.2019 12:00:00;Карта сбербанка;Стройматериалы на гараж;Саморезы;211,77
27.10.2019 12:00:00;Карта сбербанка;Аптека лекарства;;32,00
13.07.2020 12:00:00;Деньги в столе;БытТехника;Кондиционер;25 500,00
19.10.2019 12:00:00;Деньги в столе;Дети;Анлглийский;350,00
23.10.2019 12:00:00;Карта сбербанка;Хозтовары;Галамарт;264,00
24.10.2019 12:00:00;Карта сбербанка;Ништяки;Диски на 07;5 900,00
24.10.2019 12:00:00;Карта сбербанка;Ништяки;Комиссия за перевод;59,00
25.10.2019 12:00:00;Карта сбербанка;Бензин;07;1 233,00
24.01.2020 12:00:00;Карта сбербанка;Хозтовары;;130,50
25.02.2020 12:00:00;Карта сбербанка;Хозтовары;;31,00
28.03.2020 12:00:00;Карта сбербанка;Хозтовары;;35,00
23.03.2021 12:00:00;Карта сбербанка;Хозтовары;;6,99
26.10.2019 18:45:17;Деньги в столе;Дети;Английский;350,00
29.11.2019 12:00:00;Карта сбербанка;Хозтовары;;618,00
26.10.2019 18:45:17;Карта сбербанка;Свете;;1 000,00
26.10.2019 18:45:17;Карта сбербанка;КомунальныеПлатежи;Интернет;200,00
12.11.2020 0:00:00;Карта сбербанка;Стройматериалы на гараж;;295,00
26.10.2019 18:45:17;Карта сбербанка;Продукты;Чай;179,99
27.10.2019 12:00:00;Карта сбербанка;Содержание авто;Провод массы;960,00
18.05.2021 12:00:00;Карта сбербанка;Аптека лекарства;;614,00
12.03.2020 12:00:00;Карта сбербанка;Аптека лекарства;;162,30
03.08.2020 12:00:00;Карта сбербанка;Аптека лекарства;;625,00
28.10.2019 12:00:00;Карта сбербанка;Аптека лекарства;;426,30
19.09.2021 21:09:46;Карта сбербанка;Дети;Стержни для 3д ручки;240,00
29.10.2019 0:00:00;Карта сбербанка;Аптека лекарства;;134,70
14.07.2021 12:00:00;Альфа карта;Разное хобби;Колёса на ролики;2 600,00
31.10.2019 12:00:00;Карта сбербанка;Содержание авто;Доставка дисков;650,00
19.04.2021 12:00:00;Карта сбербанка;Аптека лекарства;;736,60
18.03.2021 12:00:00;Карта сбербанка;Аптека лекарства;;292,90
18.05.2020 12:00:00;Карта сбербанка;Аптека лекарства;;259,40
17.08.2021 12:00:00;Карта сбербанка;Аптека лекарства;;100,00
31.10.2019 12:00:00;Карта сбербанка;Аптека лекарства;;205,10
07.03.2020 12:00:00;Карта сбербанка;Аптека лекарства;;305,80
10.05.2020 12:00:00;Карта сбербанка;Аптека лекарства;;514,90
01.11.2019 12:00:00;Карта сбербанка;Аптека лекарства;;128,50
03.12.2019 12:00:00;Карта сбербанка;Аптека лекарства;;180,00
14.07.2020 12:00:00;Карта сбербанка;Аптека лекарства;;535,00
02.11.2019 12:00:00;Карта сбербанка;Продукты;Сосиски на шашлык;479,10
13.12.2019 12:00:00;Карта сбербанка;Ништяки;WG;998,00
02.11.2019 12:00:00;Карта сбербанка;Продукты;Майонез;90,00
02.11.2019 12:00:00;Деньги в столе;Свете;;50,00
26.07.2020 12:00:00;Карта сбербанка;Отдых;гайки для удочек;8,20
09.11.2019 12:00:00;Карта сбербанка;Стройматериалы на гараж;Нахрен не нужная труба;664,00
11.11.2019 12:00:00;Карта сбербанка;Стройматериалы на гараж;Доски;350,00
30.10.2020 0:00:00;Деньги в столе;Ремонт авто;Шиномонтаж;200,00
11.11.2019 12:00:00;Карта сбербанка;БытТехника;Флешки;1 065,21
13.11.2019 21:31:10;Карта сбербанка;Продукты;Пятерочка;106,97
30.11.2021 12:00:00;Карта сбербанка;Продукты;;1 038,21
29.10.2021 12:00:00;Карта сбербанка;Продукты;;429,57
20.04.2021 12:00:00;Карта сбербанка;Продукты;;933,10
15.02.2021 12:00:00;Карта сбербанка;Продукты;;589,54
11.12.2019 12:00:00;Карта сбербанка;Продукты;;789,97
27.12.2019 12:00:00;Карта сбербанка;Продукты;;2 230,57
13.02.2020 12:00:00;Карта сбербанка;Продукты;;1 442,91
29.02.2020 12:00:00;Карта сбербанка;Продукты;;548,43
04.06.2020 12:00:00;Карта сбербанка;Продукты;;844,32
20.06.2020 12:00:00;Карта сбербанка;Продукты;;666,11
06.07.2020 12:00:00;Карта сбербанка;Продукты;;308,34
24.09.2020 12:00:00;Карта сбербанка;Продукты;;126,99
11.11.2020 12:00:00;Карта сбербанка;Продукты;;1 321,23
27.11.2020 12:00:00;Карта сбербанка;Продукты;;764,82
14.01.2021 12:00:00;Карта сбербанка;Продукты;;190,00
18.08.2021 12:00:00;Карта сбербанка;Продукты;;47,00
14.05.2021 12:00:00;Карта сбербанка;Продукты;;64,99
28.04.2021 12:00:00;Карта сбербанка;Продукты;;889,35
17.11.2019 12:00:00;Карта сбербанка;Продукты;;397,88
03.12.2019 12:00:00;Карта сбербанка;Продукты;;487,85
19.12.2019 12:00:00;Карта сбербанка;Продукты;;2 571,31
04.01.2020 12:00:00;Карта сбербанка;Продукты;;196,00
20.01.2020 12:00:00;Карта сбербанка;Продукты;;84,80
08.03.2020 12:00:00;Карта сбербанка;Продукты;;550,99
25.04.2020 12:00:00;Карта сбербанка;Продукты;;1 385,72
11.05.2020 12:00:00;Карта сбербанка;Продукты;;214,50
27.05.2020 12:00:00;Карта сбербанка;Продукты;;312,95
12.06.2020 12:00:00;Карта сбербанка;Продукты;;644,11
30.07.2020 12:00:00;Карта сбербанка;Продукты;;300,00
15.08.2020 12:00:00;Карта сбербанка;Продукты;;453,64
31.08.2020 12:00:00;Карта сбербанка;Продукты;;30,99
03.11.2020 12:00:00;Карта сбербанка;Продукты;;837,67
19.11.2020 12:00:00;Карта сбербанка;Продукты;;623,71
06.01.2021 12:00:00;Карта сбербанка;Продукты;;560,49
24.11.2019 0:00:00;Карта сбербанка;Ремонт авто;Масло и фильтр в тойоту трансмиссия;2 110,00
18.11.2019 12:00:00;Карта сбербанка;Инструмент;Динамоключ;1 100,00
23.10.2021 12:00:00;Деньги в столе;Дети;Английский;1 050,00
26.03.2021 12:00:00;МТСБанк;Свете;На продукты;3 000,00
20.11.2019 12:00:00;Карта сбербанка;КомунальныеПлатежи;Пошлина на новые права;2 132,12
21.11.2020 12:00:00;Деньги в столе;Дети;Английский;350,00
07.12.2020 12:00:00;Деньги в столе;Дети;Английский;300,00
20.11.2019 12:00:00;Карта сбербанка;КомунальныеПлатежи;Мед справка;600,00
20.11.2019 12:00:00;Карта сбербанка;Инструмент;Головки для динамоключа;187,00
20.11.2019 12:00:00;Карта сбербанка;КомунальныеПлатежи;Справка от психа;378,00
20.11.2019 12:00:00;Карта сбербанка;КомунальныеПлатежи;Справка от нарколога;371,00
29.12.2019 21:03:10;Карта сбербанка;Соревнования;Тренировка;200,00
09.12.2019 12:00:00;Карта сбербанка;Ништяки;GPS 10Hz;730,08
23.11.2019 12:00:00;МТСБанк;КомунальныеПлатежи;Интернет;500,00
23.11.2019 12:00:00;Деньги в столе;Отдых;Картинг;1 000,00
23.11.2019 12:00:00;Деньги в столе;Дети;Английский Анин;700,00
23.11.2019 12:00:00;Деньги в столе;Одежда;Стрижка;300,00
02.12.2019 0:00:00;Карта сбербанка;Продукты;;483,50
18.12.2019 0:00:00;Карта сбербанка;Продукты;;70,00
23.03.2020 0:00:00;Карта сбербанка;Продукты;;195,00
24.11.2019 0:00:00;Карта сбербанка;Продукты;;824,40
22.10.2021 12:00:00;Альфа карта;Разное хобби;Отчёт по ниве на автотеке;169,00
24.11.2019 0:00:00;Карта сбербанка;Бензин;07;832,00
17.09.2020 18:19:52;МТСБанк;Стройматериалы на гараж;Новый тен для рукомойника;600,00
25.11.2019 12:00:00;Карта сбербанка;Продукты;Продукты в гараж;599,98
15.04.2021 12:00:00;Карта сбербанка;Хозтовары;;139,00
28.04.2020 12:00:00;Карта сбербанка;Хозтовары;;126,00
14.05.2020 12:00:00;Карта сбербанка;Хозтовары;;114,00
18.08.2020 12:00:00;Карта сбербанка;Хозтовары;;846,00
28.11.2019 12:00:00;Карта сбербанка;Хозтовары;;568,00
04.04.2020 12:00:00;Карта сбербанка;Хозтовары;;279,00
01.12.2019 12:00:00;МТСБанк;Ремонт авто;Лобовое на тойоту;3 000,00
22.11.2021 16:19:01;Альфа карта;Разное хобби;Узбекская кухня с Виталием Михайловичем;1 080,00
01.12.2019 12:00:00;Деньги в столе;Продукты;;250,00
03.12.2019 12:00:00;Деньги в столе;КомунальныеПлатежи;;1 400,00
10.10.2020 12:00:00;МТСБанк;Продукты;;1 004,43
26.10.2020 12:00:00;МТСБанк;Продукты;;226,88
04.12.2019 12:00:00;Карта сбербанка;Хозтовары;Галамарт;849,00
08.12.2019 21:46:56;Карта сбербанка;Свете;;1 000,00
18.01.2020 12:00:00;Деньги в столе;Одежда;Подстригся;150,00
18.01.2021 16:59:58;Карта сбербанка;Продукты;;261,00
10.12.2019 21:45:38;Карта сбербанка;Ремонт авто;Клей на лобовое Тойоты;670,00
11.12.2019 12:00:00;Деньги в столе;КомунальныеПлатежи;За гараж на ВМЗ, отопление + уборка земли;3 000,00
11.12.2019 12:00:00;Карта сбербанка;Ремонт авто;В 7-ку европрикуриватель;230,00
12.12.2019 0:00:00;Карта сбербанка;Хозтовары;Галамарт;1 202,00
12.12.2019 0:00:00;Карта сбербанка;Продукты;;283,02
14.02.2020 0:00:00;Карта сбербанка;Продукты;;110,00
25.03.2020 0:00:00;Карта сбербанка;Дети;Слайм;100,00
13.12.2019 12:00:00;Карта сбербанка;Подарки;Маме за чайник;503,50
14.12.2019 12:00:00;Деньги в столе;Бензин;Такси;150,00
14.12.2019 12:00:00;Карта сбербанка;Хозтовары;Зажигалка;25,00
15.12.2019 10:07:12;Деньги в столе;Продукты;Вода;100,00
22.03.2021 12:00:00;Карта сбербанка;БытТехника;Игорю за комп;2 091,37
15.12.2019 10:07:12;Карта сбербанка;Продукты;;145,00
15.12.2019 10:07:12;Карта сбербанка;Свете;;1 000,00
16.12.2019 0:00:00;МТСБанк;Продукты;КБ;608,62
16.12.2019 0:00:00;Карта сбербанка;Ништяки;Танки;998,00
16.12.2019 0:00:00;Карта сбербанка;Подарки;;149,00
17.09.2020 18:19:52;Карта сбербанка;Ништяки;USB Hub;350,00
19.12.2019 12:00:00;Карта сбербанка;Ништяки;;410,00
05.12.2020 12:00:00;Карта сбербанка;Ништяки;;191,49
20.12.2019 12:00:00;Карта сбербанка;Ништяки;Фейверки;1 340,00
16.02.2021 12:00:00;Карта сбербанка;Подарки;;43,00
01.03.2020 12:00:00;Карта сбербанка;Подарки;;500,00
20.12.2019 12:00:00;Карта сбербанка;Подарки;;300,00
15.05.2021 19:01:11;Карта сбербанка;Хозтовары;Жидкость от комаров;100,00
21.12.2019 12:00:00;Карта сбербанка;Продукты;Лента;1 542,00
22.12.2019 12:00:00;Карта сбербанка;Инструмент;Пылесос;4 270,00
23.12.2019 0:00:00;Карта сбербанка;Подарки;;410,00
23.12.2019 0:00:00;Карта сбербанка;Инструмент;;302,40
23.12.2019 0:00:00;Карта сбербанка;Бензин;тойота;832,00
22.02.2020 12:00:00;Деньги в столе;Дети;;350,00
16.11.2021 12:00:00;Деньги в столе;Содержание авто;Заклеил колесо на ниве;200,00
28.12.2019 12:00:00;Деньги в столе;Дети;;350,00
29.12.2019 21:03:10;Карта сбербанка;Бензин;07;1 000,37
08.12.2020 12:00:00;Карта сбербанка;Подарки;Ане и Маме подарки на НГ;3 890,00
30.12.2019 12:00:00;Карта сбербанка;Хозтовары;Лезвия для бритвы;267,72
01.12.2020 12:00:00;МТСБанк;КомунальныеПлатежи;Интернет;500,00
25.02.2020 12:00:00;МТСБанк;КомунальныеПлатежи;Интернет;150,00
02.01.2020 12:00:00;Карта сбербанка;Хозтовары;Кнопка на чайник;34,54
06.01.2020 12:00:00;Карта сбербанка;Одежда;;676,73
06.08.2021 12:00:00;Альфа карта;Отдых;Попкорн;320,00
26.02.2021 12:00:00;МТСБанк;Содержание авто;;50,00
08.01.2020 0:00:00;Деньги в столе;Отдых;Покатались на коньках;150,00
11.01.2020 9:55:13;Деньги в столе;Дети;;350,00
11.01.2020 9:55:13;Карта сбербанка;Разное хобби;;435,00
11.01.2020 9:55:13;Карта сбербанка;Бензин;07;882,00
08.04.2020 12:00:00;Карта сбербанка;Бензин;;414,00
13.07.2020 12:00:00;Карта сбербанка;Бензин;;1 045,00
14.08.2020 12:00:00;Карта сбербанка;Бензин;;1 185,72
20.12.2020 12:00:00;Карта сбербанка;Бензин;;836,00
19.06.2020 12:00:00;Карта сбербанка;Бензин;;1 000,00
31.01.2020 12:30:11;Карта сбербанка;Разное хобби;;550,00
13.01.2020 12:00:00;Карта сбербанка;Разное хобби;Что то с Али;233,10
20.01.2020 12:00:00;Карта сбербанка;Обеды;;160,00
22.01.2020 20:56:32;Карта сбербанка;Разное хобби;Блок питания марату, удалить как вернёт деньги;996,63
23.01.2020 12:00:00;Карта сбербанка;Обеды;;173,00
11.03.2020 12:00:00;Карта сбербанка;Обеды;;125,40
27.03.2020 12:00:00;Карта сбербанка;Обеды;;117,04
25.01.2020 12:00:00;Деньги в столе;Разное хобби;Катание на коньках;350,00
07.03.2020 12:00:00;Карта сбербанка;Хозтовары;;781,00
28.10.2021 12:00:00;Карта сбербанка;Хозтовары;;132,00
27.01.2020 12:00:00;Карта сбербанка;Хозтовары;;112,50
12.02.2020 12:00:00;Карта сбербанка;Хозтовары;;110,00
31.01.2020 12:30:11;Карта сбербанка;Аптека лекарства;;491,80
17.04.2020 12:00:00;Карта сбербанка;Содержание авто;Страховка;2 244,00
04.02.2020 12:00:00;Карта сбербанка;Подарки;;425,00
26.05.2021 12:00:00;Альфа карта;Хозтовары;Вентиляторы на ферму с Али;704,91
08.02.2020 12:00:00;Деньги в столе;Подарки;Маме на день рождения;2 000,00
10.02.2020 22:02:09;Карта сбербанка;Ремонт авто;Магнитола в тойоту;1 166,00
10.02.2020 22:02:09;Карта сбербанка;Инструмент;;199,00
17.02.2020 0:00:00;Карта сбербанка;Разное хобби;на дротики;216,85
20.02.2020 23:31:50;Карта сбербанка;Продукты;;985,55
06.11.2021 12:00:00;Альфа карта;Бензин;Нива;1 357,50
11.04.2021 12:00:00;Карта сбербанка;Свете;Свете на продукты;5 000,00
24.02.2020 18:08:02;Карта сбербанка;Продукты;;714,43
24.02.2020 18:08:02;Карта сбербанка;Бензин;;828,00
25.02.2020 12:00:00;Карта сбербанка;Ништяки;Амбушуры с Али;163,63
28.02.2020 12:00:00;Карта сбербанка;Обеды;;119,00
15.03.2021 12:00:00;Карта сбербанка;Обеды;;80,00
22.10.2020 12:00:00;Карта сбербанка;Обеды;;181,57
04.03.2020 12:00:00;Карта сбербанка;Обеды;;117,80
06.03.2020 12:00:00;Карта сбербанка;Подарки;Свете на день рождения;3 000,00
05.03.2020 12:00:00;Карта сбербанка;Содержание авто;Страховка 07;3 334,32
05.03.2020 12:00:00;Карта сбербанка;Содержание авто;ТО 07;500,00
27.05.2021 12:00:00;Карта сбербанка;Свете;На продукты;3 500,00
05.03.2020 12:00:00;Карта сбербанка;Обеды;;70,00
06.04.2020 12:00:00;Карта сбербанка;Обеды;;255,00
24.11.2020 12:00:00;Карта сбербанка;Ништяки;Термопаста. + ССД 120 для нубука;2 149,00
06.03.2020 12:00:00;Деньги в столе;Подарки;Бабам на работе на 8-е марта;200,00
27.10.2021 12:00:00;Карта сбербанка;Хозтовары;;54,90
05.02.2021 12:00:00;Карта сбербанка;Хозтовары;Что то в электротоварах, не помню что;40,00
01.05.2020 12:00:00;Карта сбербанка;Хозтовары;;111,00
27.12.2020 12:00:00;Карта сбербанка;Хозтовары;;60,00
06.03.2020 12:00:00;Карта сбербанка;Хозтовары;;151,00
12.03.2020 12:00:00;Карта сбербанка;Содержание авто;Жидкость ГУР;449,00
12.03.2020 12:00:00;Карта сбербанка;Содержание авто;Доставка рейки;680,00
01.12.2020 12:00:00;Карта сбербанка;Подарки;Сверла и шестригранники на НГ Свете и Вере Алексее;636,00
13.03.2020 0:00:00;МТСБанк;Продукты;;334,02
15.03.2020 19:09:01;Карта сбербанка;Хозтовары;Замок на куртку;114,00
18.03.2020 12:00:00;МТСБанк;КомунальныеПлатежи;Интернет;550,00
06.11.2021 12:00:00;Альфа карта;Хозтовары;Саморезы какие то;11,00
19.03.2020 12:00:00;Карта сбербанка;Хозтовары;Цинкарь;150,00
23.03.2020 0:00:00;Карта сбербанка;Разное хобби;Програма заметок;70,00
28.03.2020 12:00:00;Карта сбербанка;Бензин;07;828,00
29.03.2020 12:00:00;Карта сбербанка;Ремонт авто;Краска;740,00
08.07.2021 12:00:00;Карта сбербанка;Продукты;Арбуз;404,00
31.03.2020 12:00:00;Карта сбербанка;Продукты;Красное и белое;411,24
31.03.2020 12:00:00;Карта сбербанка;Продукты;Пятерочка;226,34
07.04.2020 12:00:00;Карта сбербанка;Дети;Марина Николаевна К, доски Ане домик;2 092,00
06.05.2021 12:00:00;Карта сбербанка;Хозтовары;;653,00
04.06.2020 12:00:00;Карта сбербанка;Хозтовары;;2 286,00
11.11.2020 12:00:00;Карта сбербанка;Хозтовары;;76,00
09.04.2020 12:00:00;Карта сбербанка;Хозтовары;;194,00
12.06.2020 12:00:00;Карта сбербанка;Хозтовары;;275,00
12.04.2020 12:00:00;Карта сбербанка;Хозтовары;Наждачка на шлифмашинку;279,00
22.04.2020 12:00:00;Карта сбербанка;Хозтовары;Щётки, резинки заглушки на шлифмашинку и болгарку;198,00
23.04.2020 0:00:00;Карта сбербанка;Хозтовары;Провод на шлифмашинку;106,50
15.07.2020 12:00:00;Карта сбербанка;Ништяки;Клавиатура;581,00
25.04.2020 12:00:00;Карта сбербанка;Разное хобби;Спининги;2 302,00
04.05.2020 12:00:00;МТСБанк;Одежда;Подстригся;200,00
14.05.2020 12:00:00;Карта сбербанка;Ремонт авто;Помпа на жигу;651,00
17.05.2020 12:00:00;Карта сбербанка;Дети;Уголки для домика;128,00
19.05.2020 0:00:00;Карта сбербанка;Продукты;;139,98
29.12.2020 0:00:00;Карта сбербанка;Продукты;;1 161,67
19.05.2020 0:00:00;Карта сбербанка;Дети;Саморезы на дом;399,50
28.05.2020 12:00:00;Карта сбербанка;Ремонт авто;;71,00
20.05.2020 12:00:00;Карта сбербанка;Ремонт авто;;119,00
21.03.2021 12:00:00;Карта сбербанка;Бензин;;871,00
21.05.2020 12:00:00;Карта сбербанка;Бензин;;999,81
26.05.2020 12:00:00;Карта сбербанка;Дети;Конёк на крышу;680,00
26.05.2020 12:00:00;Карта сбербанка;Стройматериалы на гараж;Оцинковка;844,00
08.06.2020 12:00:00;Карта сбербанка;КомунальныеПлатежи;Комиссия за услуги сбербанка;36,64
27.05.2020 12:00:00;Карта сбербанка;Стройматериалы на гараж;Оцинковка на вентиляцию;730,00
31.05.2020 12:00:00;Карта сбербанка;Дети;;305,50
27.01.2021 12:00:00;Карта сбербанка;Хозтовары;;958,26
01.06.2020 12:00:00;Карта сбербанка;Хозтовары;;93,08
03.06.2020 12:00:00;МТСБанк;КомунальныеПлатежи;;550,00
14.06.2020 12:00:00;Карта сбербанка;Хозтовары;;261,00
08.01.2021 12:00:00;Карта сбербанка;Хозтовары;;55,40
31.10.2021 12:00:00;Карта сбербанка;Хозтовары;;176,00
06.06.2020 12:00:00;Карта сбербанка;Хозтовары;;542,30
09.06.2020 14:43:10;Карта сбербанка;Продукты;;1 250,00
10.06.2020 12:00:00;Карта сбербанка;Ништяки;;204,90
03.07.2020 12:00:00;Карта сбербанка;Свете;За пельмеши;600,00
04.07.2020 12:00:00;Карта сбербанка;Разное хобби;Наживка;56,00
04.07.2020 12:00:00;Деньги в столе;Разное хобби;Аренда лодки и т.д.;500,00
29.04.2021 12:00:00;Карта сбербанка;Аптека лекарства;;299,00
16.08.2020 12:00:00;Карта сбербанка;Аптека лекарства;;888,50
07.01.2021 12:00:00;Карта сбербанка;Аптека лекарства;;563,50
07.07.2020 12:00:00;Карта сбербанка;Аптека лекарства;;882,90
20.09.2020 12:00:00;Карта сбербанка;Разное хобби;Проиграл в покер;350,00
07.07.2020 12:00:00;Карта сбербанка;Разное хобби;Крепления для удочки и клей;285,00
07.07.2020 12:00:00;Деньги в столе;Одежда;Стрижка;100,00
31.10.2020 12:00:00;МТСБанк;БытТехника;;625,00
08.07.2020 12:00:00;Карта сбербанка;Разное хобби;Болтики для крепления удочки;59,94
09.07.2020 12:00:00;Карта сбербанка;Разное хобби;Сумка для рыбы;1 350,00
06.04.2021 12:00:00;Карта сбербанка;КомунальныеПлатежи;Вере Алексеевне на телефон;100,00
11.07.2020 12:00:00;Карта сбербанка;КомунальныеПлатежи;;4 484,98
11.07.2020 12:00:00;Карта сбербанка;КомунальныеПлатежи;Коммиссия за услуги сбербанка;40,80
20.07.2020 12:00:00;Карта сбербанка;Инструмент;Набор свёрел;520,00
22.07.2020 12:00:00;Деньги в столе;Отдых;Рыбалка;500,00
07.07.2021 12:00:00;Карта сбербанка;Свете;На булочку;3 000,00
22.07.2020 12:00:01;Карта сбербанка;Отдых;Наживка;50,00
23.07.2020 12:00:00;Карта сбербанка;БытТехника;Ремонт окна в комнате;3 000,00
23.07.2020 12:00:00;Карта сбербанка;Отдых;магазин клёв;395,00
26.07.2020 12:00:00;Карта сбербанка;Отдых;Прикорм на рыбалку;175,00
26.05.2021 12:00:00;Альфа карта;Разное хобби;Веревочки для йо йо;274,48
01.08.2020 12:00:00;Карта сбербанка;БытТехника;Розетки;936,00
02.08.2020 12:00:00;Карта сбербанка;Свете;Купальник;1 000,00
01.05.2021 12:00:00;МТСБанк;КомунальныеПлатежи;;550,00
02.08.2020 12:00:00;МТСБанк;КомунальныеПлатежи;;550,00
05.06.2021 12:00:00;Карта сбербанка;Бензин;Тойота;499,82
05.08.2020 12:00:00;Карта сбербанка;Бензин;Тойота;826,00
07.08.2020 12:00:00;Карта сбербанка;Продукты;Арбуз;345,00
09.08.2020 12:00:00;Карта сбербанка;Инструмент;Проволока в сварочник;500,00
28.08.2020 12:00:00;Карта сбербанка;Ништяки;;157,79
03.01.2021 12:00:00;Карта сбербанка;Ништяки;;88,28
29.08.2020 12:00:00;Деньги в столе;Дети;Английский;350,00
05.09.2020 12:00:00;Карта сбербанка;Подарки;;1 360,00
06.09.2020 12:00:00;Деньги в столе;Соревнования;Шиномонтаж;250,00
10.09.2020 12:00:00;Карта сбербанка;Ништяки;;695,00
17.09.2020 18:19:52;МТСБанк;Инструмент;Бур 16-й для перфоратора;400,00
17.09.2020 18:19:52;Карта сбербанка;Ремонт авто;Сайлентблок на тойоту;360,00
28.10.2020 12:00:00;МТСБанк;Продукты;;444,76
26.05.2021 12:00:00;Альфа карта;Хозтовары;Розетки маме и в большую комнату;448,00
18.09.2020 12:00:00;МТСБанк;Продукты;;256,76
19.09.2020 12:00:00;МТСБанк;Продукты;;42,50
05.10.2020 12:00:00;МТСБанк;Продукты;;146,93
27.09.2020 12:00:00;МТСБанк;Продукты;;159,99
20.09.2020 12:00:00;Карта сбербанка;Разное хобби;Такси;100,00
21.09.2020 12:00:00;МТСБанк;Инструмент;Бур;295,00
08.03.2021 12:00:00;МТСБанк;Хозтовары;;90,00
11.01.2021 12:00:00;Деньги в столе;Дети;;300,00
21.09.2020 12:00:00;МТСБанк;Хозтовары;;306,00
23.09.2020 12:00:00;МТСБанк;Продукты;;609,40
09.10.2020 12:00:00;МТСБанк;Продукты;;99,96
01.10.2020 12:00:00;МТСБанк;Продукты;;218,87
04.10.2020 12:00:00;МТСБанк;Подарки;;1 097,25
24.09.2020 12:00:00;Карта сбербанка;Ништяки;Корсет с али;590,79
25.09.2020 12:00:00;МТСБанк;Бензин;;836,00
26.09.2020 12:00:00;Деньги в столе;Ништяки;Планшет =);6 300,00
27.09.2020 12:00:00;МТСБанк;Ништяки;Чехол для планшета;590,00
24.10.2020 8:43:10;Деньги в столе;Дети;Английский;350,00
28.09.2020 19:37:21;МТСБанк;Продукты;;401,10
29.09.2020 12:00:00;МТСБанк;Продукты;;153,50
15.10.2020 12:00:00;МТСБанк;Продукты;;798,89
31.10.2020 12:00:00;МТСБанк;Продукты;;591,36
23.10.2020 12:00:00;МТСБанк;Продукты;;232,74
01.10.2020 12:00:00;Карта сбербанка;Хозтовары;Кнопка на чайник с Али;78,30
02.10.2020 12:00:00;Карта сбербанка;Обеды;БургерКинг;429,97
03.10.2020 12:00:00;МТСБанк;Инструмент;Клепальник;451,00
28.11.2020 12:00:00;Деньги в столе;Дети;Английский;350,00
14.12.2020 12:00:00;Деньги в столе;Дети;Английский;300,00
06.10.2021 12:00:00;Деньги в столе;Дети;Английский;700,00
16.06.2021 12:00:00;Деньги в столе;Дети;Английский;600,00
31.05.2021 12:00:00;Деньги в столе;Дети;Английский;900,00
13.04.2021 12:00:00;Деньги в столе;Дети;Английский;1 000,00
03.10.2020 12:00:00;Деньги в столе;Дети;Английский;700,00
05.10.2020 12:00:00;МТСБанк;Бензин;;1 045,00
05.10.2020 12:00:00;МТСБанк;Инструмент;;29,20
05.10.2020 12:00:00;МТСБанк;Стройматериалы на гараж;;454,00
06.10.2020 12:00:00;МТСБанк;Хозтовары;;202,02
06.10.2020 12:00:00;МТСБанк;Продукты;;672,68
10.10.2020 12:00:00;МТСБанк;Подарки;;350,00
03.11.2020 12:00:00;МТСБанк;Хозтовары;;12,00
24.09.2021 12:00:00;Альфа карта;Разное хобби;отчёт про хонду ср-в;175,00
10.10.2020 12:00:00;МТСБанк;Хозтовары;;120,20
11.10.2020 12:00:00;МТСБанк;Продукты;;129,99
14.10.2020 12:00:00;Карта сбербанка;Содержание авто;Колодки и сайлентблок;1 095,00
08.11.2021 12:00:00;Альфа карта;Хозтовары;какой то крепеж;182,00
16.10.2020 12:00:00;Карта сбербанка;Отдых;;335,00
17.10.2020 12:00:00;Деньги в столе;Дети;Английский;350,00
18.10.2020 12:00:00;Карта сбербанка;Отдых;Айвенго;797,00
19.10.2020 12:00:00;МТСБанк;Содержание авто;Жидкости;477,00
21.10.2020 12:00:00;МТСБанк;Одежда;;198,00
23.02.2021 0:00:00;Карта сбербанка;Отдых;Вода в кинотеатр;91,77
24.10.2020 8:43:10;МТСБанк;Продукты;;474,04
24.10.2020 8:43:10;Деньги в столе;КомунальныеПлатежи;За гараж на ВМЗ;4 000,00
25.10.2020 12:00:00;МТСБанк;Инструмент;;519,00
25.10.2021 12:00:00;Карта сбербанка;Расходы на ниву;Страховка на Ниву;3 544,71
27.10.2020 20:56:34;МТСБанк;Разное хобби;Доска для Дартс;999,00
27.10.2020 20:56:34;МТСБанк;Хозтовары;Замки в мебель;140,00
27.10.2020 20:56:34;Деньги в столе;КомунальныеПлатежи;Гараж за ЦУМом;6 000,00
23.03.2021 12:00:00;Карта сбербанка;Хозтовары;Стяжки;100,40
27.10.2020 20:56:34;Карта сбербанка;Свете;;1 500,00
28.10.2020 12:00:00;МТСБанк;Аптека лекарства;;120,00
29.10.2020 12:00:00;Карта сбербанка;Ништяки;;699,00
02.11.2020 12:00:00;МТСБанк;КомунальныеПлатежи;Интернет;300,00
03.11.2020 12:00:00;Карта сбербанка;БытТехника;;213,00
07.11.2020 12:00:00;Карта сбербанка;Стройматериалы на гараж;;213,21
11.11.2020 12:00:00;Карта сбербанка;Стройматериалы на гараж;;161,00
12.11.2020 0:00:00;Карта сбербанка;Свете;;2 000,00
04.01.2021 16:13:50;Карта сбербанка;Разное хобби;Сане на расчистку трассы;500,00
20.11.2020 12:00:00;Карта сбербанка;Бензин;Тойота;1 045,00
06.12.2020 12:00:00;Карта сбербанка;Бензин;Тойота;627,00
22.11.2020 12:00:00;Карта сбербанка;Одежда;Штаны тёплые с Али;1 074,13
23.11.2020 12:00:00;Карта сбербанка;Подарки;Пицца на годовщину;1 015,00
27.11.2020 12:00:00;Карта сбербанка;Продукты;Свете для суши;1 241,20
28.11.2020 12:00:00;Карта сбербанка;Продукты;Рис для суши;99,99
15.03.2021 12:00:00;Деньги в столе;Дети;Английский;333,00
09.12.2020 12:00:00;Деньги в столе;Дети;Английский;300,00
13.12.2020 12:00:00;Карта сбербанка;Продукты;Продукты;1 135,02
13.12.2020 12:00:00;Карта сбербанка;Отдых;Диме за шашлык;400,00
16.12.2020 12:00:00;Карта сбербанка;Подарки;Карта памяти Свете;1 099,00
16.12.2020 12:00:00;Деньги в столе;Дети;Английский до 23.12 включительно;900,00
29.12.2020 0:00:00;Карта сбербанка;Подарки;;300,00
29.12.2020 0:00:00;Карта сбербанка;Хозтовары;;112,95
31.12.2020 12:00:00;Деньги в столе;Подарки;Свете;20 000,00
31.12.2020 12:00:00;Деньги в столе;Подарки;Саше;1 000,00
15.01.2021 12:00:00;Карта сбербанка;Бензин;;850,00
22.08.2021 12:00:00;Альфа карта;Инструмент;Сверла;116,00
18.07.2021 12:00:00;Карта сбербанка;Бензин;;889,00
07.01.2021 12:00:00;Карта сбербанка;Бензин;;850,00
09.01.2021 12:00:00;Карта сбербанка;Отдых;Проиграл в покер;50,00
11.01.2021 12:00:00;МТСБанк;Подарки;Маме микроволновка на день рождения;3 580,00
11.01.2021 12:00:00;Карта сбербанка;Ништяки;Ништяки с Али резиновые;368,84
13.01.2021 12:00:00;Деньги в столе;Дети;;300,00
21.05.2021 12:00:00;Альфа карта;Ништяки;;180,16
13.01.2021 12:00:00;Карта сбербанка;Хозтовары;Масло гигееническое;420,00
13.01.2021 12:00:00;Карта сбербанка;Хозтовары;Щётка;496,60
13.01.2021 12:00:00;Карта сбербанка;Хозтовары;чо то в галамарте;87,00
19.06.2021 12:00:00;Альфа карта;Обеды;;305,00
31.01.2021 22:47:02;Карта сбербанка;Разное хобби;Проверка тойоты универсал на авто.ру;139,00
07.08.2021 12:00:00;Карта сбербанка;Ништяки;Палатка и тент;5 119,00
11.06.2021 18:24:13;Альфа карта;Обеды;;70,78
31.01.2021 22:47:02;Деньги в столе;Соревнования;;300,00
05.02.2021 12:00:00;Карта сбербанка;Хозтовары;Припой и кислота паяльная;190,00
05.02.2021 12:00:00;Карта сбербанка;Ремонт авто;Кожух для воздушного фильтра;120,00
06.02.2021 12:00:00;МТСБанк;Отдых;Айвенго;975,00
06.02.2021 12:00:00;Карта сбербанка;Ремонт авто;Провод на проводку на фары на тойоту;160,00
03.03.2021 12:00:00;Карта сбербанка;Подарки;Пистолет клеевой Свете;99,00
06.02.2021 12:00:00;Карта сбербанка;Ремонт авто;Клеммы на провдоку на фары на тойоту;100,00
06.02.2021 12:00:00;Карта сбербанка;Ремонт авто;Фишки на фары на тойоту;100,00
08.02.2021 10:36:21;Деньги в столе;Дети;Английский на неделю;600,00
15.02.2021 12:00:00;Карта сбербанка;Обеды;;125,00
14.11.2021 12:00:00;Альфа карта;Продукты;;581,92
13.10.2021 12:00:00;Альфа карта;Продукты;;680,47
09.07.2021 12:00:00;Альфа карта;Продукты;;1 208,00
23.06.2021 12:00:00;Альфа карта;Продукты;;1 003,61
22.05.2021 12:00:00;Альфа карта;Продукты;;616,22
15.02.2021 12:00:00;Деньги в столе;Разное хобби;Подстригся;200,00
19.02.2021 20:05:05;Карта сбербанка;Продукты;;252,30
29.03.2021 12:00:00;Карта сбербанка;Свете;На страховку;44,20
20.02.2021 12:00:00;Карта сбербанка;Подарки;Бумага оберточная;149,00
21.02.2021 12:00:00;Карта сбербанка;Отдых;Кино;250,00
25.02.2021 21:32:28;МТСБанк;Содержание авто;;595,00
25.02.2021 21:32:28;Карта сбербанка;Продукты;;347,66
25.02.2021 21:32:28;Карта сбербанка;Подарки;За вычетом прихода 1000 от мамы 07.03.21 - 8марта;1 541,00
28.02.2021 12:00:00;Карта сбербанка;БытТехника;Зарядник для телефона;971,18
02.03.2021 12:00:00;МТСБанк;Разное хобби;Просто хз куда...;550,00
04.03.2021 12:00:00;Карта сбербанка;Разное хобби;ключ касперского;13,12
05.03.2021 12:00:00;Карта сбербанка;Подарки;Вере Алексеевне фотографии;213,00
25.08.2021 18:53:32;Карта сбербанка;Хозтовары;Корректировка стоимости термопасты;55,00
07.03.2021 0:00:00;Карта сбербанка;Разное хобби;TWS наушники за минусом денег от старых;381,87
08.03.2021 12:00:00;Карта сбербанка;Подарки;Стержни для пистолета свете;38,70
10.03.2021 12:00:00;Карта сбербанка;Разное хобби;Пицца на 8 марта;550,00
10.03.2021 12:00:00;Карта сбербанка;Ремонт авто;;20,00
10.03.2021 12:00:00;Карта сбербанка;Инструмент;;88,00
14.03.2021 12:00:00;Карта сбербанка;Ништяки;;101,87
22.03.2021 12:00:00;Карта сбербанка;Разное хобби;Подписка на блокнот от гугла;70,00
22.03.2021 12:00:00;Карта сбербанка;БытТехника;Лёхе за блок питания;6 000,00
26.03.2021 12:00:00;МТСБанк;БытТехника;Порошину за комп;7 000,00
26.03.2021 12:00:00;Карта сбербанка;Обеды;;75,00
30.03.2021 12:00:00;Деньги в столе;БытТехника;Замена зарядки в телефоне в сервисе;1 000,00
12.08.2021 12:22:43;Альфа карта;Ништяки;Верёвки для похода;669,00
31.03.2021 12:00:00;Карта сбербанка;БытТехника;Батарея на телефон;1 500,93
27.10.2021 12:00:00;Карта сбербанка;Расходы на ниву;Полироль;698,00
02.04.2021 12:00:00;Карта сбербанка;Разное хобби;Подстригся;130,00
10.04.2021 12:00:00;МТСБанк;Аптека лекарства;Зуб в Галаденте;6 066,00
12.04.2021 12:00:00;МТСБанк;БытТехника;Порошину за комп;6 000,00
14.04.2021 12:00:00;Карта сбербанка;Содержание авто;Страховка на тойоту;2 580,01
14.04.2021 12:00:00;Карта сбербанка;Разное хобби;Сходили в кино;900,00
14.04.2021 12:00:00;Карта сбербанка;БытТехника;Телефон РОСО х3 про;21 097,48
19.04.2021 12:00:00;Деньги в столе;Дети;Английский;1 000,00
19.04.2021 12:00:00;Карта сбербанка;Родителям;Саморезы маме в стол;135,36
19.08.2021 14:28:31;Альфа карта;Ништяки;Ми банд 6;2 892,81
19.04.2021 12:00:00;Карта сбербанка;Родителям;Автомат в подъезд;176,00
20.04.2021 12:00:00;Карта сбербанка;Аптека лекарства;;1 031,44
20.04.2021 12:00:00;Карта сбербанка;БытТехника;Чехол на телефон;334,55
20.04.2021 12:00:00;Карта сбербанка;Родителям;;148,50
21.04.2021 12:00:00;Карта сбербанка;БытТехника;Таможенный платёж за телефон;412,10
29.04.2021 12:00:00;Карта сбербанка;БытТехника;Пленка на телефон;278,33
04.05.2021 12:00:00;Карта сбербанка;Ништяки;;241,90
06.05.2021 12:00:00;Карта сбербанка;Одежда;;248,00
11.05.2021 12:00:00;Карта сбербанка;Ремонт авто;Тросс стеклоподьёмника;200,00
12.05.2021 12:00:00;Карта сбербанка;Ремонт авто;Ролик на жигу;40,00
15.05.2021 19:01:11;Карта сбербанка;Разное хобби;Стекло для телефона;228,05
15.05.2021 19:01:11;МТСБанк;КомунальныеПлатежи;На телефон на мотив;100,00
18.05.2021 12:00:00;Карта сбербанка;Хозтовары;Клеммы Ане в комнату;84,00
19.05.2021 12:00:00;Альфа карта;Хозтовары;Болтики маленькие;305,59
20.05.2021 20:45:14;Альфа карта;Ништяки;;311,13
20.05.2021 20:45:14;Альфа карта;Продукты;;404,94
13.11.2021 12:00:00;Альфа карта;Продукты;;332,66
12.10.2021 12:00:00;Альфа карта;Продукты;;347,85
21.05.2021 12:00:00;Альфа карта;Продукты;;708,84
21.05.2021 12:00:00;Альфа карта;Содержание авто;Тормозная жидкость;210,00
10.08.2021 12:00:00;Альфа карта;Хозтовары;;230,00
22.05.2021 12:00:00;Альфа карта;Хозтовары;;105,00
22.05.2021 12:00:00;Альфа карта;Подарки;Слон Татьяне Георгиевне;999,00
22.05.2021 12:00:00;Деньги в столе;Разное хобби;Стрижка;200,00
23.05.2021 12:00:00;Альфа карта;Родителям;Семена на кладбище;362,00
24.05.2021 12:00:00;Карта сбербанка;Разное хобби;Йо йо;310,00
13.09.2021 12:00:00;Альфа карта;Продукты;;107,56
25.06.2021 12:00:00;Альфа карта;Продукты;;467,31
09.06.2021 12:00:00;Альфа карта;Продукты;;571,45
24.05.2021 12:00:00;Альфа карта;Продукты;;94,89
13.09.2021 12:00:00;Деньги в столе;Дети;Английский;1 050,00
24.05.2021 12:00:00;Деньги в столе;Дети;Английский;600,00
25.05.2021 12:00:00;Карта сбербанка;Свете;Насте Кросовки;1 452,00
17.11.2021 12:00:00;Альфа карта;Продукты;;65,98
30.09.2021 12:00:00;Альфа карта;Продукты;;878,68
13.08.2021 12:00:00;Альфа карта;Продукты;;109,99
26.06.2021 12:00:00;Альфа карта;Продукты;;398,00
25.05.2021 12:00:00;Альфа карта;Продукты;;276,81
27.05.2021 12:00:00;Альфа карта;Хозтовары;Розетка Ане в комнату;224,00
29.05.2021 12:00:00;Карта сбербанка;Продукты;Бургерыыыы))));1,00
05.06.2021 12:00:00;Альфа карта;БытТехника;Вентиляторы на карты 390-е Жаркова;1 933,56
29.05.2021 12:00:00;Карта сбербанка;Содержание авто;Шиномонтаж Свете;300,00
30.05.2021 12:00:00;Альфа карта;БытТехника;Вентиляторы на ферму;728,02
23.10.2021 12:00:00;Альфа карта;Продукты;;900,30
21.09.2021 12:00:00;Альфа карта;Продукты;;584,86
20.08.2021 12:00:00;Альфа карта;Продукты;;50,00
17.06.2021 12:00:00;Альфа карта;Продукты;;709,67
01.06.2021 12:00:00;Альфа карта;Продукты;;271,42
02.06.2021 12:00:00;Карта сбербанка;Разное хобби;Роликовые коньки перевод Свете на Озон карту;14 000,00
25.10.2021 12:00:00;Деньги в столе;Разное хобби;На маршрутку;200,00
03.06.2021 20:43:16;Альфа карта;Продукты;;404,62
22.07.2021 12:00:00;Альфа карта;Продукты;;84,89
04.06.2021 12:00:00;Альфа карта;Продукты;;949,10
05.06.2021 12:00:00;Альфа карта;Обеды;;254,96
05.06.2021 12:00:00;Альфа карта;БытТехника;Саморезы на ферму;72,00
28.11.2021 12:00:00;Альфа карта;Продукты;;480,00
11.10.2021 12:00:00;Альфа карта;Продукты;;99,97
25.09.2021 12:00:00;Альфа карта;Продукты;;298,03
08.08.2021 12:00:00;Альфа карта;Продукты;;194,78
07.07.2021 12:00:00;Альфа карта;Продукты;;169,98
21.06.2021 12:00:00;Альфа карта;Продукты;;169,96
05.06.2021 12:00:00;Альфа карта;Продукты;;110,00
22.06.2021 12:00:00;Карта сбербанка;БытТехника;Аванс за участок;10 000,00
05.06.2021 12:00:00;МТСБанк;БытТехника;Р9 390 Жаркова;30 000,00
06.06.2021 12:00:00;Альфа карта;Аптека лекарства;;187,40
07.06.2021 17:57:26;Альфа карта;Аптека лекарства;;261,00
07.06.2021 17:57:26;МТСБанк;БытТехника;БП 1300 ВАТТ;12 000,00
08.06.2021 12:00:00;Альфа карта;Обеды;С Аней картошки поели;159,98
09.06.2021 12:00:00;Альфа карта;Свете;;2 000,00
11.06.2021 18:24:13;Альфа карта;Продукты;;1 607,41
20.11.2021 12:00:00;Альфа карта;Бензин;;883,35
13.06.2021 12:00:00;Альфа карта;Бензин;;999,65
15.06.2021 12:00:00;Альфа карта;Одежда;;222,62
21.10.2021 12:00:00;Альфа карта;Разное хобби;Отчёт на автотеке на ниву;169,00
18.06.2021 13:01:51;Карта сбербанка;Свете;;1 200,00
03.11.2021 14:29:52;Альфа карта;Содержание авто;Дворник на тойоту, силиконовая смазка;440,00
19.06.2021 12:00:00;Деньги в столе;Подарки;Вере Алексеевне на день рождения;3 000,00
10.11.2021 12:00:00;Альфа карта;Продукты;;99,00
09.10.2021 12:00:00;Альфа карта;Продукты;;1 842,24
23.09.2021 12:00:00;Альфа карта;Продукты;;693,02
07.09.2021 12:00:00;Альфа карта;Продукты;;460,43
22.08.2021 12:00:00;Альфа карта;Продукты;;940,68
06.08.2021 12:00:00;Альфа карта;Продукты;;680,39
21.07.2021 12:00:00;Альфа карта;Продукты;;269,87
05.07.2021 12:00:00;Альфа карта;Продукты;;841,54
19.06.2021 12:00:00;Альфа карта;Продукты;;169,98
20.06.2021 12:00:00;Карта сбербанка;Инструмент;Рулетка Для участка;518,00
23.06.2021 12:00:00;Альфа карта;БытТехника;Зарядник в машину;270,31
15.11.2021 12:00:00;Альфа карта;Продукты;;59,98
14.10.2021 12:00:00;Альфа карта;Продукты;;699,51
12.09.2021 12:00:00;Альфа карта;Продукты;;309,93
27.08.2021 12:00:00;Альфа карта;Продукты;;749,27
11.08.2021 12:00:00;Альфа карта;Продукты;;1 002,69
10.07.2021 12:00:00;Альфа карта;Продукты;;169,98
24.06.2021 12:00:00;Альфа карта;Продукты;;658,08
25.06.2021 12:00:00;Деньги в столе;Содержание авто;Ремонт колеса;1 000,00
23.09.2021 12:00:00;Карта сбербанка;Разное хобби;накладка для велосипеда на цепь;299,00
04.07.2021 20:25:57;Альфа карта;Бензин;;874,00
06.07.2021 12:00:00;Карта сбербанка;Продукты;Арбуз;504,00
23.11.2021 12:00:00;Альфа карта;Расходы на ниву;Прокладка клапанной крышки;100,00
07.07.2021 12:00:00;Карта сбербанка;КомунальныеПлатежи;За электричество маме;4 200,00
09.07.2021 12:00:00;Альфа карта;БытТехника;Райзеры для видеокарт;1 932,75
11.07.2021 12:00:00;Карта сбербанка;Разное хобби;Прем аккаунт на озон;1 790,00
11.07.2021 12:00:00;Карта сбербанка;Продукты;Арбуз;343,00
11.07.2021 12:00:00;Карта сбербанка;Инструмент;Миксер для бетона;1 900,00
28.08.2021 12:00:00;Альфа карта;Аптека лекарства;;771,00
12.07.2021 18:08:18;Деньги в столе;Ништяки;Охлад для видеокарты от Игоря;1 000,00
12.07.2021 18:08:18;Альфа карта;Ништяки;Охлад для видеокарты от Игоря;699,00
12.07.2021 18:08:18;Альфа карта;Обеды;Шаурма;199,00
16.07.2021 12:00:00;Карта сбербанка;Продукты;Арбуз;330,00
05.11.2021 12:00:00;Альфа карта;Продукты;;1 214,14
01.08.2021 12:00:00;Альфа карта;Продукты;;205,17
16.07.2021 12:00:00;Альфа карта;Продукты;;1 148,53
19.07.2021 12:00:00;Альфа карта;Разное хобби;Доставка колёс для роликов;270,00
20.07.2021 12:00:00;Карта сбербанка;Обеды;Спрайт в парке;70,00
23.07.2021 12:00:00;Альфа карта;БытТехника;Держатели полок;10,00
25.07.2021 12:00:00;Карта сбербанка;Продукты;Жеке за пиво;300,00
30.11.2021 12:00:00;Карта сбербанка;Бензин;;1 386,23
30.07.2021 12:00:00;Карта сбербанка;Стройматериалы на гараж;Мешок цемента;295,00
31.07.2021 12:00:00;Карта сбербанка;Ништяки;Бензопила;6 433,00
03.08.2021 12:00:00;Карта сбербанка;Отдых;Евгению;200,00
25.11.2021 12:00:00;Альфа карта;Продукты;;278,08
08.10.2021 12:00:00;Альфа карта;Продукты;;79,98
22.09.2021 12:00:00;Альфа карта;Продукты;;698,51
05.08.2021 12:00:00;Альфа карта;Продукты;;497,01
06.08.2021 12:00:00;Альфа карта;Отдых;Кино мягкие диваны Отряд самоубийц;220,00
08.08.2021 12:00:00;Альфа карта;Содержание авто;;50,00
09.08.2021 12:00:00;Альфа карта;БытТехника;Госпошлина за регистрацию участка;380,00
09.08.2021 12:00:00;Карта сбербанка;Отдых;Диме за минералку;50,00
10.08.2021 12:00:00;Альфа карта;Ремонт авто;;150,00
12.08.2021 12:22:43;Альфа карта;Продукты;;295,70
17.08.2021 12:00:00;Альфа карта;БытТехника;1070 strix x2;60 000,00
19.08.2021 14:28:31;Альфа карта;Продукты;;348,05
19.08.2021 14:28:31;Альфа карта;БытТехника;Провод для Корсара см750х;535,05
19.08.2021 14:28:31;Альфа карта;Разное хобби;Стрижка;250,00
19.11.2021 12:00:00;Альфа карта;Хозтовары;Лента 3М двухсторонняя;189,00
20.08.2021 12:00:00;Альфа карта;БытТехника;Каркас майнинг фермы;450,00
20.08.2021 12:00:00;Альфа карта;Инструмент;стусло;196,00
20.08.2021 12:00:00;Альфа карта;Одежда;;298,00
22.08.2021 12:00:00;Альфа карта;Инструмент;;198,00
25.08.2021 18:53:32;Карта сбербанка;Хозтовары;Термопаста;1 018,00
25.08.2021 18:53:32;Альфа карта;Алкоголь;;168,99
25.08.2021 18:53:32;Альфа карта;Продукты;;307,87
27.08.2021 12:00:00;Альфа карта;Разное хобби;на рыбалку черви;67,00
28.08.2021 12:00:00;Деньги в столе;БытТехника;Замок на дверь в квартиру;2 500,00
04.09.2021 12:00:00;Альфа карта;Хозтовары;;19,00
04.09.2021 12:00:00;Альфа карта;Дети;Футбольный мячик Ане;399,00
04.09.2021 12:00:00;Альфа карта;Инструмент;Отвёртка 0 крестовая;99,00
11.09.2021 10:05:28;Альфа карта;Разное хобби;Плёнка для ми-банд 6;147,55
11.09.2021 10:05:28;Альфа карта;Дети;Чешки для Ани;149,00
11.09.2021 10:05:28;Альфа карта;Продукты;;1 189,03
04.10.2021 12:00:00;Карта сбербанка;КомунальныеПлатежи;На мотив;123,00
19.09.2021 21:09:46;Карта сбербанка;Свете;Проволока;169,00
19.09.2021 21:09:46;Альфа карта;Родителям;Патрон в люстру;25,00
19.09.2021 21:09:46;Альфа карта;Разное хобби;Объявление на авито поднял;80,00
25.09.2021 12:00:00;Деньги в столе;Дети;Английский;1 050,00
25.09.2021 12:00:00;Альфа карта;Разное хобби;Опарыш на рыбалку;51,00
30.09.2021 12:00:00;МТСБанк;Разное хобби;Такси;150,00
18.11.2021 12:00:00;Альфа карта;Бензин;;909,00
01.10.2021 12:00:00;Альфа карта;Бензин;;999,61
02.10.2021 10:35:05;Карта сбербанка;Разное хобби;Мясо у Евгения в Саду;300,00
02.10.2021 10:35:05;Альфа карта;БытТехника;Вентиляторы для 390х;977,27
03.10.2021 12:00:00;Альфа карта;Хозтовары;шприцы в гараж;98,00
04.10.2021 12:00:00;Альфа карта;Разное хобби;Плата синхронизации для фонарика;135,78
04.10.2021 12:00:00;Альфа карта;Продукты;йогурт;28,89
05.10.2021 12:00:00;Деньги в столе;Свете;;2 000,00
06.10.2021 12:00:00;Альфа карта;Содержание авто;Масло и фильтр на тойоту;2 116,00
08.10.2021 12:00:00;Альфа карта;Хозтовары;;10,70
08.10.2021 12:00:00;Альфа карта;Разное хобби;Отчёт на дроме;175,00
09.10.2021 12:00:00;Карта сбербанка;Одежда;Курта теплая на осень.;2 500,00
09.10.2021 12:00:00;Альфа карта;Одежда;;2 480,00
11.10.2021 12:00:00;Карта сбербанка;Отдых;Диме вроде бы, не помню за что.;200,00
11.10.2021 12:00:00;Альфа карта;Ништяки;Напильник для пилы;168,00
11.10.2021 12:00:00;Альфа карта;Ништяки;Пила лучковая;430,00
13.10.2021 12:00:00;Карта сбербанка;Ништяки;Чайник походный;632,00
13.10.2021 12:00:00;Альфа карта;Ништяки;Аккумуляторы на фонарик велосипедный;702,77
14.10.2021 12:00:00;Карта сбербанка;Подарки;Кукла Свете на день рождения;2 500,00
14.10.2021 12:00:00;Карта сбербанка;Подарки;Доставка куклы на день рождения;330,00
15.10.2021 12:00:00;Альфа карта;Аптека лекарства;Пластырь на руку после роликов;81,00
15.10.2021 12:00:00;Альфа карта;Ништяки;Проставки стоек на тойоту;1 200,00
16.10.2021 12:00:00;Альфа карта;Хозтовары;Саморезы и цепочка для чайника;108,80
17.10.2021 12:00:00;Альфа карта;КомунальныеПлатежи;Интернет;500,00
18.10.2021 10:14:40;Альфа карта;Дети;Ане Футбол;3 000,00
18.10.2021 10:14:40;Альфа карта;Хозтовары;;103,80
19.10.2021 12:00:00;Альфа карта;Хозтовары;;113,10
20.10.2021 12:00:00;Альфа карта;Обеды;;170,00
21.10.2021 12:00:00;Альфа карта;Бензин;;901,00
23.10.2021 12:00:00;Карта сбербанка;Разное хобби;Лёхе за помощь в подборе авто;2 000,00
23.10.2021 12:00:00;Альфа карта;Бензин;Тойота;918,00
23.10.2021 12:00:00;Деньги в столе;БытТехника;Купил Ниву итить колотить ))));145 000,00
24.10.2021 12:00:00;Альфа карта;Бензин;Нива;999,68
25.10.2021 12:00:00;Альфа карта;Расходы на ниву;Дворники передние;580,00
25.10.2021 12:00:00;Альфа карта;Расходы на ниву;Стекло лобовое;5 950,00
25.10.2021 12:00:00;Деньги в столе;Свете;;1 000,00
26.10.2021 12:00:00;Карта сбербанка;Расходы на ниву;Лампочки в плафоны, освещение салона;315,00
26.10.2021 12:00:00;Карта сбербанка;Расходы на ниву;Противотуманки;1 530,00
26.10.2021 12:00:00;Альфа карта;Инструмент;Ключ на 7 в ниву на сверке;55,00
26.10.2021 12:00:00;Альфа карта;Инструмент;Ключ на 10 и 13 в ниву на сверке;140,00
26.10.2021 12:00:00;Альфа карта;Инструмент;Ключ на 12 и 8 в ниву на сверке;138,00
27.10.2021 12:00:00;Карта сбербанка;Расходы на ниву;;315,00
27.10.2021 12:00:00;Карта сбербанка;Расходы на ниву;Очиститель ткани;807,00
28.10.2021 12:00:00;Карта сбербанка;Бензин;Тойота;1 126,25
28.10.2021 12:00:00;Карта сбербанка;Разное хобби;Не помню на что;370,00
29.10.2021 12:00:00;Карта сбербанка;Расходы на ниву;;584,00
29.10.2021 12:00:00;Карта сбербанка;Бензин;Нива;1 357,50
31.10.2021 12:00:00;Карта сбербанка;Расходы на ниву;Ручки двери, КПП, раздатки, ковер в багажник;2 124,00
29.11.2021 12:00:00;Карта сбербанка;Дети;Футбол Анин;3 000,00
31.10.2021 12:00:00;Карта сбербанка;БытТехника;Плинтуса на балкон;583,00
01.11.2021 9:10:39;Карта сбербанка;Расходы на ниву;Шильдик на руль;127,46
03.11.2021 14:29:52;Карта сбербанка;Разное хобби;Компас;400,00
03.11.2021 14:29:52;Альфа карта;Расходы на ниву;Задние барабаны, колодки, тросс ручника;7 764,00
06.11.2021 12:00:00;Карта сбербанка;БытТехника;3080;100 500,00
07.11.2021 12:00:00;Альфа карта;Расходы на ниву;Кнопка стеклоподьемника;250,00
07.11.2021 12:00:00;Альфа карта;Расходы на ниву;Саморезы и кнопка открывания двери;230,00
08.11.2021 12:00:00;Карта сбербанка;БытТехника;Райзера от Лёхи Ершова;505,00
08.11.2021 12:00:00;Альфа карта;Расходы на ниву;Цилиндры тормозные на ниву;472,00
08.11.2021 12:00:00;Альфа карта;Содержание авто;Не помню уже, мелочевка какая то;121,00
08.11.2021 12:00:00;Альфа карта;Стройматериалы на гараж;Кран в умывальник;390,00
08.11.2021 12:00:00;Альфа карта;Расходы на ниву;;110,00
08.11.2021 12:00:00;Альфа карта;Расходы на ниву;Свечи Денсо на ниву;800,00
09.11.2021 12:00:01;Альфа карта;Продукты;;201,00
09.11.2021 12:00:01;Альфа карта;Расходы на ниву;;18,00
09.11.2021 12:00:01;Карта сбербанка;Расходы на ниву;Смазка, тормозуха, заглушки и т.д.;935,00
10.11.2021 12:00:00;Альфа карта;Содержание авто;Автохимия;445,00
12.11.2021 12:00:00;Карта сбербанка;Отдых;Попкорн в кинотеатре;330,00
12.11.2021 12:00:00;Карта сбербанка;Отдых;Веном 2;58,00
13.11.2021 12:00:00;Альфа карта;Содержание авто;Смазка силиконовая;240,00
14.11.2021 12:00:00;Альфа карта;Расходы на ниву;Шланги топливные высокого давления;500,00
15.11.2021 12:00:00;Альфа карта;Подарки;Компрессор Свете на новый год.;3 562,96
19.11.2021 12:00:00;Альфа карта;Свете;Лекарства;990,40
20.11.2021 12:00:00;Альфа карта;Расходы на ниву;Гайка колеса;40,00
21.11.2021 12:00:00;Деньги в столе;Разное хобби;Пейнтбол;1 300,00
21.11.2021 12:00:00;Деньги в столе;Свете;На лечение;1 300,00
23.11.2021 12:00:00;Альфа карта;Обеды;Котлеты в смаке;132,00
23.11.2021 12:00:00;Альфа карта;Расходы на ниву;Масло, фильтр;2 485,00
26.11.2021 12:00:00;Альфа карта;Содержание авто;Дворник на тойоту;270,00
26.11.2021 12:00:00;Альфа карта;Содержание авто;Антифриз на тойоту;970,00
27.11.2021 12:00:00;Альфа карта;Аптека лекарства;;1 821,48
30.11.2021 12:00:00;Альфа карта;Расходы на ниву;ТАД-17;740,00
30.11.2021 12:00:00;Карта сбербанка;БытТехника;Остатки перевел Свете за видеокарту;17 000,00
30.11.2021 12:00:00;Карта сбербанка;КомунальныеПлатежи;Маме за электроэнергию;19 000,00
01.12.2021 17:29:49;Альфа карта;Продукты;;352,44
